id,domain,status,purchase_price,renewal_price,attractiveness,demand,length,registrar,created_at,expires_at,status_verified_at
11e3d6e1-0fbb-4f41-8b71-cbe911d7e129,dalmatian.gallery,available,41.99,41.99,high,low,9,name.com,,,13/08/2026 16:00
bb1279b1-70b1-405c-8c87-29077c7e4999,almost.gallery,available,28.99,28.99,high,low,6,namesilo,,,
082d34e0-f84e-4abf-9202-5b1a3a541aa1,cosmic.gallery,resell,,,high,medium,6,"GoDaddy.com, LLC",13/02/2026 18:05,13/02/2027 18:05,13/08/2026 02:54
97619629-294b-47b7-8f7b-f004c22f4a67,morally.gallery,available,28.99,28.99,high,low,7,namesilo,,,15/09/2026 15:25
63fdeccd-903a-44a4-98e9-5f11710f851f,actin.gallery,available,28.99,28.99,medium,low,5,namesilo,,,17/09/2026 04:37
2bfa99ca-3952-4193-9d96-b2c88ed364fe,salubrious.gallery,available,28.99,28.99,high,low,10,namesilo,,,20/08/2026 16:33
07b705c4-8edf-4304-8c78-ce36618e8479,drastic.gallery,available,29.98,36.98,high,low,7,namecheap,,,14/08/2026 18:27
b43da3f0-66d4-42f5-a37a-d7d7b42b9e95,stratford.gallery,available,29.98,36.98,medium,low,9,namecheap,,,25/09/2026 14:45
ee299e71-3a1c-4395-ac8e-0eb7f773012f,arugula.gallery,available,28.99,28.99,high,low,7,namesilo,,,20/09/2026 12:10
8ca17dc4-c487-4993-8f4a-8d0527797f65,distributions.gallery,available,28.99,28.99,medium,low,13,namesilo,,,25/09/2026 21:52
c0c796e4-3ccb-4ccd-bd57-f8ef874ac67c,class.gallery,available,28.99,28.99,high,low,5,namesilo,,,25/09/2026 09:04
f5052cfb-d025-4b51-ad22-067fe8612269,anionic.gallery,available,28.99,28.99,medium,low,7,namesilo,,,
86a83838-b441-42bf-98b6-f32383e2ef25,cars.gallery,premium,242,242,high,medium,4,namesilo,,,17/09/2026 14:10
c9df03e8-7619-4de3-8286-e97208c4b08b,unsworn.gallery,available,29.98,36.98,medium,low,7,namecheap,,,12/09/2026 20:53
d3cd16c0-f104-421f-ba4d-beff523662ca,tito.gallery,available,28.99,28.99,high,low,4,namesilo,,,25/09/2026 23:21
3ecf2682-f4f7-401d-83d9-9305c4d04ae6,diabetic.gallery,available,28.99,28.99,high,low,8,namesilo,,,14/08/2026 05:36
67fd0ef6-4dba-476b-9e08-09817c11db5b,nodded.gallery,available,28.99,28.99,medium,low,6,namesilo,,,18/09/2026 03:34
0b1e0625-c544-41a6-adbe-b39cabeac0da,adorables.gallery,available,28.99,28.99,high,low,9,namesilo,,,
0f7469e3-ae48-45d6-a3f7-cf5ab37c6b2f,protected.gallery,available,28.99,28.99,high,low,9,namesilo,,,
8d7cf2fc-ed4b-4bed-b9f2-7b59d9f06961,trafalgar.gallery,available,28.99,28.99,medium,low,9,namesilo,,,22/09/2026 16:10
7f4952ff-0ad5-436d-b50d-e9b3848ecbd5,cindy.gallery,available,28.99,28.99,high,low,5,namesilo,,,
7078b3c3-4b57-4deb-a033-0a2ba12fd742,automobiles.gallery,premium,260,260,high,low,11,namecheap,,,17/09/2026 22:53
a1697b9a-5c99-47f5-9bd4-d32930bf562d,aesop.gallery,available,29.98,36.98,medium,low,5,namecheap,,,17/09/2026 13:24
7911c5f2-95b7-4773-b075-d5e9fc554cfc,overly.gallery,available,28.99,28.99,high,low,6,namesilo,,,14/09/2026 16:48
88efb6db-c485-4472-bd0c-c01818e0d01f,conniption.gallery,available,28.99,28.99,medium,low,10,namesilo,,,18/08/2026 05:43
43547cb6-d882-4955-b523-9086f403fe0f,ankylosaur.gallery,available,28.99,28.99,medium,low,10,namesilo,,,19/09/2026 09:52
3fcd6728-ed62-4753-8316-79d1b54d6f55,axonal.gallery,available,28.99,28.99,medium,low,6,namesilo,,,08/08/2026 02:01
66bb6dbb-126a-4bc6-a989-7ca966a0c853,translunar.gallery,available,28.99,28.99,medium,low,10,namesilo,,,11/09/2026 02:19
51602100-10a3-42ac-9ef2-a78d49f95a2d,abstracted.gallery,available,28.99,28.99,high,low,10,namesilo,,,
c8bd091e-7dae-4e37-8264-607d92a6afcd,carried.gallery,available,28.99,28.99,medium,low,7,namesilo,,,25/09/2026 17:00
a8250173-f53d-4d12-9de0-59628183fdb6,owned.gallery,available,29.98,36.98,high,low,5,namecheap,,,26/09/2026 03:41
4758e0a3-f334-4107-b2b6-33ca0ac58c67,aerobatics.gallery,available,28.99,28.99,high,low,10,namesilo,,,17/09/2026 12:53
13ebc324-ffd1-4010-a5b3-85091bd81311,forbidden.gallery,available,28.99,28.99,medium,low,9,namesilo,,,18/08/2026 10:59
bf9d78a5-56ba-41e1-a6f9-4482aabea3fb,extensive.gallery,available,29.98,36.98,medium,low,9,namecheap,,,
99f3553b-d133-4b39-a701-607a79b27321,playfully.gallery,available,29.98,36.98,high,low,9,namecheap,,,15/09/2026 20:25
7305606f-ae18-4038-bdfe-4d39fab651ce,capped.gallery,available,29.98,36.98,medium,low,6,namecheap,,,11/08/2026 18:02
9beaea1c-b081-4ea9-960f-3b69361129d1,angle.gallery,available,28.99,28.99,high,low,5,namesilo,,,25/09/2026 13:22
592b9409-d503-4896-8450-51edc2d21751,burping.gallery,available,28.99,28.99,medium,low,7,namesilo,,,23/09/2026 04:38
6c66d309-4cc8-49fe-99dd-ce870e87b308,mesmerized.gallery,available,28.99,28.99,high,low,10,namesilo,,,17/08/2026 22:50
7c5bc95b-f836-483a-a42b-9fdc2759a68c,slighting.gallery,available,28.99,28.99,medium,low,9,namesilo,,,09/08/2026 13:15
2e789a21-24b6-4c94-85d4-515d29fe44ea,prodigal.gallery,available,28.99,28.99,high,low,8,namesilo,,,09/09/2026 02:36
53c51c1a-e88a-4e47-b81c-b5366efd7756,inveterate.gallery,available,28.99,28.99,high,low,10,namesilo,,,22/08/2026 09:02
4a4b3126-0ba1-4e3f-b6c5-067ec22e146f,nerd.gallery,available,28.99,28.99,high,medium,4,namesilo,,,
18a3d694-454d-43b0-bcdf-bc3cc2d05e1f,deuce.gallery,available,28.99,28.99,high,low,5,namesilo,,,21/09/2026 12:17
0a8c3d96-01af-48fe-b5d1-c1392d427f37,bedder.gallery,available,28.99,28.99,medium,low,6,namesilo,,,22/09/2026 23:13
ce35b3f5-ff77-49e3-8656-1ec27a40bba0,onrush.gallery,available,28.99,28.99,medium,low,6,namesilo,,,21/09/2026 01:07
d2fd9898-2a64-4a5a-991a-a47f82802c19,credendum.gallery,available,28.99,28.99,medium,low,9,namesilo,,,20/09/2026 11:13
bae90aa3-00f2-48af-ba58-1418e2011456,superheroes.gallery,available,28.99,28.99,high,low,11,namesilo,,,21/09/2026 05:42
a71f6c64-9508-4162-a589-96a545a4c82f,diplomatic.gallery,available,28.99,28.99,high,low,10,namesilo,,,24/09/2026 10:36
fcb0d968-061a-4195-9e45-96553e8ce647,shotgun.gallery,available,28.99,28.99,high,low,7,namesilo,,,26/09/2026 00:14
0a563ea7-3458-4f77-9edc-5215b0dc0a8a,tough.gallery,available,28.99,28.99,high,low,5,namesilo,,,22/09/2026 16:19
260891bb-1dc0-4adb-bbad-78a6ae7de7b1,saccade.gallery,available,28.99,28.99,medium,low,7,namesilo,,,22/08/2026 12:47
bddfeb97-07bb-4f21-a69a-b111311f2ad5,prisms.gallery,available,28.99,28.99,medium,low,6,namesilo,,,21/09/2026 00:27
f55f4264-ad3d-41ac-a967-eb4692be03e8,says.gallery,available,28.99,28.99,medium,low,4,namesilo,,,
724c6790-1677-4ac5-9324-8c85f0785f43,muhammadan.gallery,available,28.99,28.99,medium,low,10,namesilo,,,25/08/2026 03:21
151f28c2-4ced-4644-a2e7-2c609bd65b85,glimmery.gallery,available,28.99,28.99,medium,low,8,namesilo,,,20/08/2026 14:28
40adf670-64cc-4683-bb1e-0c8b7a66db1b,overdressed.gallery,available,28.99,28.99,medium,low,12,namesilo,,,16/09/2026 17:42
e99f817f-eebd-4881-bef9-a8065716d15a,roadless.gallery,available,28.99,28.99,medium,low,8,namesilo,,,08/09/2026 10:27
1dbc7ac5-f97c-4e39-97ef-ceb07b9dcee0,restructuring.gallery,available,28.99,28.99,medium,low,13,namesilo,,,
396f8daf-7eb7-4be9-bbf9-a7e4e80fe346,defaults.gallery,available,29.98,36.98,low,low,8,namecheap,,,21/09/2026 07:23
f25a03c9-abc9-4787-9aa2-767b6093b9a1,xlviii.gallery,available,28.99,28.99,medium,low,6,namesilo,,,
11eb80f3-518a-47e8-97bb-b6f103e2c698,uniat.gallery,available,28.99,28.99,medium,low,5,namesilo,,,12/09/2026 12:44
37974015-0777-4ac7-922a-ab7a9ef05c1b,legibly.gallery,available,28.99,28.99,medium,low,7,namesilo,,,14/09/2026 11:06
8be73cdb-d0bd-454a-a58c-c156f6235992,eagre.gallery,available,28.99,28.99,medium,low,5,namesilo,,,14/08/2026 22:16
02458d40-8d2d-499c-a41c-160f57abfac7,altissimo.gallery,available,28.99,28.99,medium,low,9,namesilo,,,
5e485e1d-b284-48d6-8baf-335fc997ae73,attraction.gallery,available,28.99,28.99,high,low,10,namesilo,,,
6c1b81ab-9100-439c-bff7-9bbccfb1f009,horned.gallery,available,28.99,28.99,high,low,6,namesilo,,,21/08/2026 14:04
e26f9e35-7c36-4253-9691-e88944395588,otic.gallery,available,28.99,28.99,medium,low,4,namesilo,,,07/08/2026 17:41
05ac4151-815a-408b-976b-9e94421787a0,strangely.gallery,available,28.99,28.99,medium,low,9,namesilo,,,14/09/2026 20:38
e7c5d4ff-edfb-4513-939e-1d9450085115,arbalest.gallery,available,28.99,28.99,medium,low,8,namesilo,,,20/09/2026 00:33
99186740-35f0-4f31-86b1-52d5f5656cfb,yankee.gallery,available,28.99,28.99,high,low,6,namesilo,,,13/09/2026 14:12
b10ad73f-64f1-4eb2-b894-f2a88e7c61b0,dowdy.gallery,available,28.99,28.99,medium,low,5,namesilo,,,14/08/2026 17:09
5632dd23-3263-4cad-ab6d-845dbfd5a52e,arthropoda.gallery,available,28.99,28.99,high,low,10,namesilo,,,20/09/2026 10:41
c3ea02f5-8587-4a40-a437-1aaaa1146363,brainstorm.gallery,available,29.98,36.98,high,low,10,namecheap,,,24/09/2026 08:05
8b88c0f8-2b14-4e77-8c9f-3dad086418ad,continuo.gallery,available,29.98,36.98,medium,low,8,namecheap,,,22/09/2026 12:27
4356cfdd-51ca-4d32-98fd-b8659666ac62,bench.gallery,available,28.99,28.99,high,low,5,namesilo,,,23/09/2026 07:36
4082e0a1-71cd-46b6-b67e-4efcfe02d1e2,loquacious.gallery,available,28.99,28.99,medium,low,10,namesilo,,,12/08/2026 03:22
867f179b-40d6-42e3-98f6-4bdf5ac46b09,scaled.gallery,available,28.99,28.99,high,low,6,namesilo,,,09/09/2026 22:20
fb671e7b-492d-4f45-bdea-76d95bac8860,continuity.gallery,available,29.98,36.98,high,low,10,namecheap,,,24/09/2026 17:42
27672984-c048-4bfc-8b07-ae359ffd25ac,resolvable.gallery,available,28.99,28.99,high,low,10,namesilo,,,
8748ff62-05b5-49ae-b199-c7857a7b04e6,beery.gallery,available,28.99,28.99,medium,low,5,namesilo,,,09/08/2026 08:12
2040205a-d2da-4ddf-b750-d27716b35fa5,worker.gallery,available,28.99,28.99,high,low,6,namesilo,,,
05b41ac1-087a-4070-96b8-d24610904b43,cajole.gallery,available,28.99,28.99,high,low,6,namesilo,,,24/09/2026 04:10
3d9fa365-3ff9-4951-bd99-89a07592bcad,childbirth.gallery,available,28.99,28.99,high,low,10,namesilo,,,12/08/2026 05:00
cef1743d-dc43-4c81-9458-9ac17279ece7,attempt.gallery,available,28.99,28.99,high,low,7,namesilo,,,
3c74fe60-e7cc-4508-8454-8d1e256dbadb,moated.gallery,available,28.99,28.99,medium,low,6,namesilo,,,25/08/2026 02:14
080eef46-038f-496e-9e6c-5c1e763f4620,couples.gallery,available,28.99,28.99,high,low,7,namesilo,,,
7ae5c768-f6f0-4e76-86d4-48f5d9e01d5d,dame.gallery,available,29.98,36.98,high,low,4,namecheap,,,24/09/2026 20:56
6e9b1095-d4e4-4ed0-950b-3caea4cde88b,mere.gallery,available,29.98,36.98,high,low,4,namecheap,,,25/09/2026 19:33
98583c18-d6d3-40f8-b5cd-9d488a929fe0,trades.gallery,available,29.98,36.98,high,low,6,namecheap,,,25/09/2026 14:51
552ab49c-6b01-4e85-8444-e5ab6142b0f7,fibrous.gallery,available,28.99,28.99,medium,low,7,namesilo,,,18/08/2026 03:22
5e86ba3b-318b-4b23-a682-be3aff5fcbd5,hutchinson.gallery,available,29.98,36.98,high,low,10,namecheap,,,19/09/2026 10:20
978931f4-d67c-4790-8cd3-a02e558337ea,territory.gallery,available,28.99,28.99,high,low,9,namesilo,,,
91f71e4e-074d-45bb-89d7-0d124121bd40,adage.gallery,available,28.99,28.99,high,low,5,namesilo,,,17/09/2026 06:09
23e42f52-b954-4641-87c0-641dca017099,baronet.gallery,available,28.99,28.99,high,low,7,namesilo,,,22/09/2026 07:28
2949b434-bd93-400e-ace2-920ecdb52f48,saute.gallery,available,28.99,28.99,high,low,5,namesilo,,,09/09/2026 22:00
0a92b2ef-a0cb-49e1-bc08-4411c08edc78,cortical.gallery,available,28.99,28.99,medium,low,8,namesilo,,,13/08/2026 02:35
8f931a27-11a4-4b2c-a276-0072f5c143d9,assumed.gallery,available,28.99,28.99,medium,low,7,namesilo,,,07/08/2026 07:45
994a680b-98c7-4aef-8702-d6b27e7717ef,manually.gallery,available,28.99,28.99,medium,low,8,namesilo,,,15/09/2026 13:27
6cc8b722-11ee-407f-8a2a-ab7dad8c2268,nonsteroid.gallery,available,28.99,28.99,medium,low,10,namesilo,,,03/09/2026 20:43
afd500b4-695b-4760-9370-10139dc4f981,slant.gallery,available,28.99,28.99,high,low,5,namesilo,,,22/08/2026 22:07
b940a6f8-fcc8-4d3d-943d-253811e6e12c,cockle.gallery,available,28.99,28.99,medium,low,6,namesilo,,,12/09/2026 08:38
061deac3-e496-4f13-bb35-765f0ce66aeb,pizza.gallery,premium,78.54,78.54,high,medium,5,namesilo,,,23/09/2026 06:45
3abe410e-16ff-4e4b-b02a-c5cfa8cef93b,slaty.gallery,available,28.99,28.99,medium,low,5,namesilo,,,10/09/2026 10:19
7dd16cbc-7fca-489f-b727-2470b034adcc,disney.gallery,available,,,high,high,6,,,,
6b94ba50-aee4-4809-8a66-bd43e2434727,homeless.gallery,resell,,,high,low,8,"GoDaddy.com, LLC",15/10/2018 08:27,15/10/2026 08:27,14/08/2026 12:07
67353267-8370-4f18-9d04-9174cbb3875e,postmark.gallery,available,28.99,28.99,high,low,8,namesilo,,,18/08/2026 14:12
52793076-3814-4dde-a648-27012eb3ae6b,brickly.gallery,available,28.99,28.99,medium,low,7,namesilo,,,11/08/2026 03:51
4b76aefa-d82d-4682-802e-de688d1645a9,lividly.gallery,available,28.99,28.99,low,low,7,namesilo,,,15/09/2026 12:36
c30464b4-addd-4422-9efd-0ab6441552d2,torrential.gallery,available,29.98,36.98,medium,low,10,namecheap,,,11/09/2026 17:57
709c7f37-2880-4223-9255-ecdd66344d51,papist.gallery,available,28.99,28.99,medium,low,6,namesilo,,,05/09/2026 01:35
a0d01f7d-e738-4044-adf8-4a6e33f4f66f,rehabs.gallery,available,28.99,28.99,low,low,6,namesilo,,,20/09/2026 09:43
117873d0-9131-45c3-8dac-fb85877e4400,antiphon.gallery,available,28.99,28.99,medium,low,8,namesilo,,,19/09/2026 14:56
b5941489-7e53-49eb-a55a-03d9c40ead36,disciple.gallery,available,28.99,28.99,high,low,8,namesilo,,,
1c1c6e30-5710-4c51-91d2-c78050367704,ambages.gallery,available,29.98,36.98,medium,low,7,namecheap,,,18/09/2026 16:24
875d898b-94ce-41fd-9919-8dbde9084703,godless.gallery,available,28.99,28.99,medium,low,7,namesilo,,,20/08/2026 16:02
60898053-7067-48d1-96d0-38be6bd5bd0d,cambodian.gallery,available,28.99,28.99,high,low,9,namesilo,,,11/08/2026 15:40
a4182eb9-73ae-47cb-a9a9-8515bc9deb1d,attalea.gallery,available,28.99,28.99,medium,low,7,namesilo,,,21/09/2026 01:14
5b8a7244-1e47-4795-8081-8d5ad02afaf2,spay.gallery,available,28.99,28.99,medium,low,4,namesilo,,,03/09/2026 16:33
9ea9d38b-1028-4593-96c3-7461f3decf0b,oblong.gallery,available,28.99,28.99,high,low,6,namesilo,,,03/09/2026 23:48
495779e9-9b89-4d52-ac7d-5f0082f9e0e6,attained.gallery,available,28.99,28.99,high,low,8,namesilo,,,07/08/2026 15:07
037c679f-3c2f-4783-a6a9-2d17e4cf26d5,informs.gallery,available,28.99,28.99,medium,low,7,namesilo,,,20/09/2026 13:37
9a6fd1b1-07ee-4f6a-bf7e-a6520fe7ec6b,deformity.gallery,available,29.98,36.98,medium,low,9,namecheap,,,24/09/2026 21:21
5feb85ce-88b3-4495-a5b3-b1b6af84bf4b,overriding.gallery,available,28.99,28.99,high,low,10,namesilo,,,04/09/2026 21:39
4dcf351b-1274-4400-b967-7e475c5971a0,dong.gallery,available,36.98,,high,low,4,namecheap,,,
7992e336-7b3a-4e92-8c48-cc518987e9f2,bleeding.gallery,available,28.99,28.99,high,low,8,namesilo,,,24/09/2026 05:28
2d12ec33-7938-4fba-94fb-0c3b3b66d0ba,stationary.gallery,available,29.98,36.98,high,low,10,namecheap,,,10/09/2026 19:12
331b42d4-ae9c-46d2-8578-4ec9bf952a47,overcast.gallery,available,28.99,28.99,high,low,8,namesilo,,,12/08/2026 12:29
7465a92e-0ad1-40be-a94b-f3bb8373310f,requisitions.gallery,available,28.99,28.99,medium,low,12,namesilo,,,20/09/2026 14:26
cd941648-b4cc-42a0-85e0-61cc80d14ca6,astern.gallery,available,28.99,28.99,medium,low,6,namesilo,,,
cd0aa87c-c337-4f34-a42a-eec0269c733f,dissected.gallery,available,28.99,28.99,medium,low,9,namesilo,,,12/08/2026 10:41
0b706c83-44a2-47f1-8c23-b6ba7d0528f9,jagged.gallery,available,28.99,28.99,medium,low,6,namesilo,,,17/08/2026 12:32
d43765a0-da49-4c2d-88a1-3a4d217b7e48,pit.gallery,premium,85.8,85.8,high,low,3,namecheap,,,24/09/2026 13:22
2725e750-7d2d-4368-b647-1b8803f4b762,alanine.gallery,available,28.99,28.99,medium,low,7,namesilo,,,18/09/2026 01:50
dc827532-d4c3-4910-a847-32f7a0266a5c,btw.gallery,premium,78.54,78.54,high,low,3,namesilo,,,
5b341840-620b-43d2-a84b-cace88af4af1,carob.gallery,available,28.99,28.99,high,low,5,namesilo,,,18/09/2026 06:50
5d1bf469-a499-43d4-9deb-0c410879ce3a,coital.gallery,available,28.99,28.99,low,low,6,namesilo,,,12/08/2026 16:22
63870366-6cd4-46eb-919c-8583fac412ed,censored.gallery,available,28.99,28.99,high,low,8,namesilo,,,11/08/2026 23:47
a72a72c6-4895-4ca1-9e6e-4316d99f96bd,piston.gallery,available,28.99,28.99,high,low,6,namesilo,,,
a9884839-ec1a-494e-8e4a-cdc7b7db0622,allow.gallery,available,28.99,28.99,high,low,5,namesilo,,,06/08/2026 09:03
db0a55eb-e99c-48e0-9943-2334ba4c09cd,mesic.gallery,available,29.98,36.98,medium,low,5,namecheap,,,24/08/2026 21:11
6f32f80e-7200-4e78-ba40-7822ab5ef2a6,georgian.gallery,available,28.99,28.99,high,low,8,namesilo,,,18/08/2026 22:37
89f9e4f0-7030-4ad5-bfbf-88fc3ff4d2bb,letter.gallery,available,28.99,28.99,high,low,6,namesilo,,,24/09/2026 02:40
fd593688-aed4-4aec-9798-9364eb14b128,apothecium.gallery,available,28.99,28.99,medium,low,10,namesilo,,,19/09/2026 19:43
6f67ef71-db12-426f-9c8a-dec61cc8a800,twitter.gallery,available,28.99,28.99,high,low,7,namesilo,,,
fba6e14b-8b98-46a2-b635-5896bf5e7629,airman.gallery,available,28.99,28.99,high,low,6,namesilo,,,17/09/2026 13:10
99050bf5-0654-4a2c-ad1a-4bef03f045b2,daddy.gallery,available,28.99,28.99,high,low,5,namesilo,,,
9f492438-53ef-4e3c-a35c-6596248dc2ad,vexer.gallery,available,28.99,28.99,medium,low,5,namesilo,,,19/09/2026 10:52
fef193f6-56a4-4c6b-a003-9145d2c7c190,yank.gallery,available,28.99,28.99,high,low,4,namesilo,,,13/09/2026 14:14
63f743f4-29f3-4290-98c4-ede3e2d1a0e7,perth.gallery,premium,118.8,118.8,high,low,5,namesilo,,,26/09/2026 00:00
8ab04c7a-2f46-440f-b195-fdf4a15a50ed,innate.gallery,available,28.99,28.99,high,low,6,namesilo,,,12/08/2026 21:44
93b8b310-a18e-4d56-90cf-28d408c70f7a,diffusive.gallery,available,28.99,28.99,medium,low,9,namesilo,,,14/08/2026 07:10
6f9f91e8-6ef4-4788-8673-72ed4dbe7148,desired.gallery,available,28.99,28.99,high,low,7,namesilo,,,24/09/2026 00:57
8752788b-6a46-41b2-b039-036c6844d0ec,animosity.gallery,available,28.99,28.99,medium,low,9,namesilo,,,19/09/2026 09:20
31025aa8-8af9-4d98-bb18-498f97a6b093,songbirds.gallery,available,28.99,28.99,medium,low,9,namesilo,,,21/09/2026 08:44
ce5adb36-200a-43dc-8e3c-35ecbce476b0,debase.gallery,available,28.99,28.99,medium,low,6,namesilo,,,
1a351aef-e1f0-452b-b957-7295dc8c52ec,unstuck.gallery,available,28.99,28.99,medium,low,7,namesilo,,,12/09/2026 20:40
5f3e3605-57c2-41e7-9850-2c3e241deefc,jocular.gallery,available,28.99,28.99,high,low,7,namesilo,,,22/08/2026 12:57
21aade5a-8481-484c-b240-b7f3f53a874d,regulated.gallery,available,28.99,28.99,high,low,9,namesilo,,,09/09/2026 13:06
030160e7-b8f5-4fc5-8236-8a7e3167135f,desperate.gallery,available,28.99,28.99,high,low,9,namesilo,,,14/08/2026 03:58
df83f472-7383-49e0-90c7-646e8c0a35d5,brawny.gallery,available,28.99,28.99,high,low,6,namesilo,,,11/08/2026 02:47
f10d2d50-873c-4436-a047-c68b8e1cf854,squint.gallery,available,28.99,28.99,medium,low,6,namesilo,,,07/08/2026 03:15
ef9d1ade-b662-4f44-b5be-759723e5c7b4,cubitus.gallery,available,29.98,36.98,high,low,7,namecheap,,,20/09/2026 11:25
f08876e1-dab4-4ee8-a508-cbbf65515a85,squad.gallery,available,28.99,28.99,high,low,5,namesilo,,,26/09/2026 00:04
fc84ba75-2429-468e-a4a5-512aae43cf40,beehive.gallery,available,28.99,28.99,high,low,7,namesilo,,,23/09/2026 01:16
825bdf61-394a-4500-9734-be26d4e62835,loath.gallery,available,28.99,28.99,medium,low,5,namesilo,,,24/08/2026 08:17
bf5645cf-e1ea-4d81-bdea-1b945dd03d8c,alate.gallery,available,28.99,28.99,medium,low,5,namesilo,,,
fdd2b6bb-8612-4f94-a2f2-a31d7c645010,flowerbed.gallery,available,28.99,28.99,high,low,9,namesilo,,,22/09/2026 22:58
33d505f0-eb9c-491d-9e6c-472f4483c099,trackable.gallery,available,28.99,28.99,high,low,9,namesilo,,,11/09/2026 18:37
cd00d005-2c33-4531-85c5-21a4c3dc925c,hallowmas.gallery,available,28.99,28.99,medium,low,9,namesilo,,,18/09/2026 09:30
7ab45cc8-b6ba-4ce0-ab30-558ef9cf0de1,motorsports.gallery,available,28.99,28.99,high,low,11,namesilo,,,17/09/2026 11:52
04b98624-b5a2-4b4a-8dc1-b9395c174f48,thrust.gallery,available,28.99,28.99,high,low,6,namesilo,,,25/09/2026 00:11
7db6ee24-a573-42ba-9fce-d8c559031f65,bro.gallery,premium,78.54,78.54,high,low,3,namesilo,,,
731f37ef-33af-45b3-832c-5997f20c5742,adsorption.gallery,available,29.98,36.98,high,low,10,namecheap,,,17/09/2026 10:05
f9316906-8bb2-46a0-a7c3-05912f62f6ad,bilk.gallery,available,28.99,28.99,medium,low,4,namesilo,,,09/09/2026 08:21
a1e49c43-400d-4a84-86ad-684ee34c0c9d,loans.gallery,premium,118.8,118.8,high,low,5,namesilo,,,19/09/2026 21:43
66fbc2d8-a43d-4a89-a79b-1a922027d7ff,hausen.gallery,available,29.98,36.98,medium,low,6,namecheap,,,17/09/2026 01:50
a6e588d8-6393-431e-a435-9043306d5d6e,billiards.gallery,available,28.99,28.99,high,low,9,namesilo,,,23/09/2026 16:23
36eb871c-d6cf-4bda-8355-0a6f81571d01,benet.gallery,available,28.99,28.99,high,low,5,namesilo,,,23/09/2026 07:58
7b94d327-64eb-4b12-9f3f-c1b6ec15db54,unequalled.gallery,available,28.99,28.99,high,low,10,namesilo,,,12/09/2026 09:11
94453dd4-6828-44ce-b32a-96c0b3d4f62b,completely.gallery,available,28.99,28.99,high,low,10,namesilo,,,22/09/2026 00:16
4dc41d37-c4de-4c27-a72c-6be98f635690,actuation.gallery,available,28.99,28.99,medium,low,9,namesilo,,,17/09/2026 05:23
3c16319d-2f4d-465b-83de-d3d30f39fcec,amenia.gallery,available,29.98,36.98,medium,low,6,namecheap,,,18/09/2026 18:47
f00c2af5-5b13-4c85-9986-855fbc478d94,untanned.gallery,available,29.98,36.98,medium,low,8,namecheap,,,12/09/2026 21:00
7fdee942-cbd4-44dd-8954-5b949f23e712,duckling.gallery,available,28.99,28.99,high,low,8,namesilo,,,25/09/2026 00:17
f5897f9e-c973-4af7-9415-0d08c704d6a9,barbuda.gallery,available,28.99,28.99,medium,low,7,namesilo,,,22/09/2026 05:04
d8262211-4736-4bf1-9cc7-b087bc289443,brochure.gallery,available,28.99,28.99,high,low,8,namesilo,,,24/09/2026 07:07
a1a1144c-4250-4140-b7cd-53ade867ce98,backrest.gallery,available,28.99,28.99,medium,low,8,namesilo,,,21/09/2026 15:47
ba0c240a-9a4f-45f7-bc20-d19b4c921c97,dictated.gallery,available,28.99,28.99,medium,low,8,namesilo,,,14/08/2026 06:36
b75d9411-6182-4a3f-b34f-80dfd871ce51,shadowed.gallery,available,28.99,28.99,medium,low,8,namesilo,,,10/09/2026 05:25
20be3b84-ab22-442a-b81b-ebdb2062a912,analgesic.gallery,available,28.99,28.99,medium,low,9,namesilo,,,
a413fd94-eac7-453c-8246-82ffaa735106,grenadian.gallery,available,28.99,28.99,high,low,9,namesilo,,,20/08/2026 20:00
6d78435f-21d0-485a-ac23-6341dc532c90,giraffe.gallery,available,28.99,28.99,high,low,7,namesilo,,,
a35b71b2-ea33-4ca7-85ec-e221dbee5e6c,kantian.gallery,available,28.99,28.99,high,low,7,namesilo,,,22/08/2026 15:06
4e83536d-e19b-4fa3-bd40-f1293b725be4,threescore.gallery,available,28.99,28.99,medium,low,10,namesilo,,,
74dc097c-4f5c-455b-949a-aae8046789c9,archine.gallery,available,29.98,36.98,medium,low,7,namecheap,,,20/09/2026 02:10
e92a73e6-495a-4d85-a746-d922c1f534cc,exocentric.gallery,available,28.99,28.99,medium,low,10,namesilo,,,17/08/2026 17:21
b6ecf596-a0c6-40a1-9882-adc453689c07,tod.gallery,available,28.99,28.99,high,low,3,namesilo,,,11/09/2026 16:39
8ee7d32d-687a-48ad-8eed-4dabca4c9b09,waver.gallery,available,28.99,28.99,medium,low,5,namesilo,,,17/08/2026 21:37
ec400d32-1d99-45a4-9d1e-b18767a4f13e,incompatible.gallery,available,28.99,28.99,high,low,12,namesilo,,,
8f636a0a-e3d0-4c65-bce1-3bb4ad657473,cheering.gallery,available,28.99,28.99,high,low,8,namesilo,,,12/08/2026 03:45
abd6d805-9437-407a-bc17-c241d3063842,buggy.gallery,available,29.98,36.98,high,low,5,namecheap,,,22/09/2026 08:13
58819f63-42dd-4962-8e31-1436ddc68448,cloudiness.gallery,available,28.99,28.99,medium,low,10,namesilo,,,04/09/2026 20:28
5c12f57d-eee3-45aa-966e-8ef1f20c8789,jaded.gallery,available,28.99,28.99,high,low,5,namesilo,,,22/08/2026 11:58
abaf0912-7044-4250-9333-0946216f4201,quizzical.gallery,available,29.98,36.98,medium,low,9,namecheap,,,09/09/2026 08:39
2933ac7d-3389-426f-87ec-328c11560ede,curable.gallery,available,28.99,28.99,high,low,7,namesilo,,,13/08/2026 10:59
efe48123-956a-4ecf-a91d-6dee748319e3,broaden.gallery,available,28.99,28.99,high,low,7,namesilo,,,
c329f21e-a40c-4848-97c0-ff3238193ec0,sacked.gallery,available,28.99,28.99,medium,low,6,namesilo,,,24/09/2026 06:49
bc355a0f-ca0b-44ae-8b7a-fcfd1fd6105a,suggestion.gallery,available,28.99,28.99,high,low,10,namesilo,,,25/09/2026 07:41
c8e94b97-3cdb-4e74-838c-ddf9d90879e7,honorific.gallery,available,28.99,28.99,high,low,9,namesilo,,,21/08/2026 13:32
9f8b557d-b6b9-46c7-aa19-deb5185de34d,walt.gallery,available,28.99,28.99,high,low,4,namesilo,,,25/09/2026 12:09
5ec31b10-8bca-4a46-bf54-8f3f16cb6101,platter.gallery,available,28.99,28.99,high,low,7,namesilo,,,
c34ef9c6-6ca6-4810-8623-b45c9480fdc7,northmost.gallery,available,29.98,36.98,medium,low,9,namecheap,,,03/09/2026 21:38
17f9c1ea-fb59-4bec-a9cb-c79b23034c6a,dose.gallery,available,28.99,28.99,high,low,4,namesilo,,,
d9180bc6-538a-4603-b205-6f0ab5255673,quaint.gallery,available,28.99,28.99,high,low,6,namesilo,,,04/09/2026 01:55
081af296-b00b-47fd-abdf-64d7b8043dd0,archerfish.gallery,available,28.99,28.99,medium,low,10,namesilo,,,20/09/2026 01:56
3abe6f72-df93-49e2-95cc-36622fb0d836,curd.gallery,available,29.98,36.98,high,low,4,namecheap,,,24/09/2026 20:24
26e9bff3-8afa-418a-8ac0-54157207ca5d,cooker.gallery,available,29.98,36.98,high,low,6,namecheap,,,24/09/2026 18:03
766884f5-3bf3-4e3d-ad72-649b84274154,wingless.gallery,available,28.99,28.99,medium,low,8,namesilo,,,13/09/2026 12:31
49b1b35c-3fb5-4d2f-8674-e877c2cc5c65,atf.gallery,premium,85.8,85.8,high,low,3,namecheap,,,20/09/2026 20:14
28d7acda-2ebb-4a4f-924d-8ffdd6494865,unfixed.gallery,available,28.99,28.99,medium,low,7,namesilo,,,12/09/2026 10:28
009c9e39-5e72-4dd1-babc-5600a384e01b,iodin.gallery,available,28.99,28.99,high,low,5,namesilo,,,21/08/2026 17:26
af7a79c6-c4e2-48d4-bda2-1b03070c7d38,congenial.gallery,available,28.99,28.99,high,low,9,namesilo,,,12/08/2026 21:38
05114b6a-f79e-46be-8ebc-d55f15a83406,radioactivity.gallery,available,28.99,28.99,medium,low,13,namesilo,,,
c438b46b-4624-44c3-8a51-7bc269a04831,cattish.gallery,available,28.99,28.99,medium,low,7,namesilo,,,10/08/2026 07:28
0adaf8bc-9918-417f-a50b-9757bb939009,abdominous.gallery,available,28.99,28.99,medium,low,10,namesilo,,,
ae129613-375c-44cc-8d51-0ec969c7614f,rectangle.gallery,available,28.99,28.99,high,low,9,namesilo,,,25/09/2026 13:23
bdb3fcb0-9cc3-42bc-a259-79cd59b852ae,guarneri.gallery,available,28.99,28.99,medium,low,8,namesilo,,,19/09/2026 04:22
2376ac7c-5e8e-4ed4-b1cd-bfc5204b86b5,freelancer.gallery,available,28.99,28.99,high,low,10,namesilo,,,18/08/2026 14:38
a813b74b-d951-42b2-b8ce-667cbec9fa76,dicker.gallery,available,28.99,28.99,medium,low,6,namesilo,,,22/09/2026 05:30
f083d48e-513f-46c0-99c9-6d39ef938e10,nervous.gallery,available,28.99,28.99,medium,low,7,namesilo,,,21/09/2026 22:02
194b215d-58a9-4d81-b75b-0a2ce4b419d2,teachable.gallery,available,28.99,28.99,high,low,9,namesilo,,,11/09/2026 09:34
69ab15d7-525a-4aba-82c1-150b120853c9,louis.gallery,available,28.99,28.99,high,low,5,namesilo,,,25/09/2026 07:59
db9b9092-aad2-4413-8687-d88530b72c0b,allogeneic.gallery,available,28.99,28.99,medium,low,10,namesilo,,,
1b7fb7b0-d418-40bc-a9b5-4db94ea292dd,turncoat.gallery,available,28.99,28.99,medium,low,8,namesilo,,,06/08/2026 03:49
c401148f-fb27-4776-9373-89f8e50315bc,cycloidal.gallery,available,41.99,41.99,medium,low,9,name.com,,,13/08/2026 13:40
047b9c1b-cf4f-4757-84e3-d1f7684866fa,barbecuing.gallery,available,28.99,28.99,high,low,10,namesilo,,,22/09/2026 04:46
f930cdef-ae93-4792-98a3-c40ad1483e9d,labelled.gallery,available,28.99,28.99,high,low,8,namesilo,,,22/08/2026 17:15
2a2dc868-af63-44e0-977f-c277ebadc6ed,intestinal.gallery,available,28.99,28.99,medium,low,10,namesilo,,,04/09/2026 08:14
a1f9b211-fa43-448e-8e17-cb903e8720bc,brie.gallery,available,36.98,,high,low,4,namecheap,,,
aa908835-14cc-4444-80cc-c28da2c06e5b,flatulent.gallery,available,28.99,28.99,medium,low,9,namesilo,,,12/08/2026 16:34
1c795c55-ee4f-4876-ae1c-f9f1c85e8011,reporter.gallery,available,28.99,28.99,high,low,8,namesilo,,,25/09/2026 09:33
9922a714-4a1f-4158-bd2a-453f0f817542,unorthodox.gallery,available,28.99,28.99,high,low,10,namesilo,,,24/08/2026 17:44
4cdc6c14-a7fb-44fa-8eae-aa314d08e877,metre.gallery,available,29.98,36.98,high,low,5,namecheap,,,25/09/2026 15:57
63489644-962f-4586-b743-8ab36e2d5361,crotchety.gallery,available,28.99,28.99,medium,low,9,namesilo,,,13/08/2026 08:25
1c4f8c17-16d5-4527-9202-59509af24924,fragmental.gallery,available,28.99,28.99,high,low,10,namesilo,,,18/08/2026 14:01
ee45c8b4-887c-46c5-869c-ade9616cbe0f,smitten.gallery,available,29.98,36.98,high,low,7,namecheap,,,16/08/2026 21:16
101337b7-baa1-4ef6-a47a-dee53d8b54f9,legalise.gallery,available,28.99,28.99,high,low,8,namesilo,,,22/08/2026 23:07
4881814c-e7a1-402b-b6e4-f4832f2bae2f,nates.gallery,available,28.99,28.99,medium,low,5,namesilo,,,09/08/2026 10:31
a89d08fa-7610-4f32-9387-befe57376902,dozy.gallery,available,29.98,36.98,medium,low,4,namecheap,,,14/08/2026 18:06
3dd70eec-a6cc-4d94-aeab-d8d58cee23ec,impartial.gallery,available,28.99,28.99,high,low,9,namesilo,,,21/08/2026 21:45
1da841c3-b165-49d2-906a-9c51894b8f98,chime.gallery,available,28.99,28.99,high,low,5,namesilo,,,
249ed1fc-cbf4-4406-8ff8-3be261ebd346,unspaced.gallery,available,29.98,36.98,medium,low,8,namecheap,,,12/09/2026 20:24
36ebc21e-dbee-4032-9410-48010e3334fa,category.gallery,available,29.98,36.98,high,low,8,namecheap,,,24/09/2026 13:09
c8733f6d-bfb0-4b75-9130-ace0dbfe7197,leonine.gallery,available,28.99,28.99,high,low,7,namesilo,,,22/08/2026 23:57
4b9afc4e-7890-4fa3-aaf2-d9ba96f5f5b3,gone.gallery,available,41.99,41.99,high,low,4,name.com,,,22/09/2026 10:48
42366c3e-3495-401e-aa0d-0875127e0d0d,beetle.gallery,available,28.99,28.99,high,low,6,namesilo,,,09/08/2026 08:17
11efa492-57f1-45d3-83a4-1c128204cb7a,wanness.gallery,available,28.99,28.99,medium,low,7,namesilo,,,17/09/2026 01:08
c846762f-7160-4a69-9ebb-6471fa4bd7b2,busted.gallery,available,28.99,28.99,medium,low,6,namesilo,,,23/09/2026 12:06
265510ee-7742-4e4a-940c-cb814967bfdb,unwrapped.gallery,available,28.99,28.99,medium,low,9,namesilo,,,12/09/2026 22:53
b87213a7-3f30-44b2-bfd2-d775e4cd6321,rita.gallery,available,29.98,36.98,high,low,4,namecheap,,,25/09/2026 19:01
44deea78-f3ae-46e8-a794-2c3b6d92edda,broody.gallery,available,28.99,28.99,medium,low,6,namesilo,,,11/08/2026 05:54
c0e515d6-83f9-4c80-9c60-5cbeb36217bf,curfew.gallery,available,29.98,36.98,high,low,6,namecheap,,,24/09/2026 20:27
2ab55bf3-c81f-4510-8fcb-da06314593bf,responsive.gallery,available,29.98,36.98,high,low,10,namecheap,,,22/09/2026 06:49
903d96d6-8a78-4d86-a170-751b60def0d0,scarred.gallery,available,28.99,28.99,medium,low,7,namesilo,,,25/09/2026 17:02
f5a7e0dc-ee9a-42aa-a9f6-3b849826410e,vet.gallery,premium,78.54,78.54,high,low,3,namesilo,,,13/09/2026 05:01
4674e148-391d-4378-9dc4-b3ae2fbd2b40,alarm.gallery,available,28.99,28.99,high,low,5,namesilo,,,
cce56df2-8455-4d9a-a39f-8b632f0c1867,homes.gallery,premium,78.54,78.54,high,low,5,namesilo,,,18/09/2026 16:52
66ef49a4-700c-4d2a-ae86-188934cd8a83,antitrust.gallery,available,28.99,28.99,medium,low,9,namesilo,,,
b4710201-3655-4c03-ac1f-e13cd0355e17,tanned.gallery,available,28.99,28.99,high,low,6,namesilo,,,11/08/2026 05:50
e4723892-f9bd-40d2-ae03-30f238417c68,pressure.gallery,available,28.99,28.99,high,low,8,namesilo,,,24/09/2026 23:12
a21d8f83-3a12-49f5-85d7-f879f511d31e,dissolute.gallery,available,41.99,41.99,medium,low,9,name.com,,,13/08/2026 20:19
2d2162e4-1193-4e60-93d9-f65bd80150dc,grammar.gallery,available,28.99,28.99,high,low,7,namesilo,,,
49f40b36-b47c-4674-9771-8a10f983f6e0,dreamfully.gallery,available,28.99,28.99,medium,low,10,namesilo,,,14/09/2026 14:19
7e017fc1-bb5e-4745-9a76-5428e22da392,congrats.gallery,available,28.99,28.99,high,low,8,namesilo,,,
74506f4d-4247-4a5c-b9c4-ce43b2bef2e3,outcomes.gallery,available,28.99,28.99,high,low,8,namesilo,,,19/09/2026 12:31
1522e713-fb99-4ee9-a452-5dacfa9eaaf8,sweetly.gallery,available,28.99,28.99,high,low,7,namesilo,,,11/09/2026 05:33
2df811e2-96e2-44aa-89aa-cc4c8a108aaf,ala.gallery,available,,,high,low,3,,,,
4cfa029e-dfde-4e42-a05f-74fe2b10e0d6,patrician.gallery,available,28.99,28.99,medium,low,9,namesilo,,,06/08/2026 19:34
24421ac8-c6dc-4f56-8341-583606100de5,spatially.gallery,available,29.98,36.98,medium,low,9,namecheap,,,16/09/2026 05:56
54eeb6c9-739f-410c-9552-e0164c28448d,functional.gallery,available,28.99,28.99,high,low,10,namesilo,,,25/09/2026 05:04
7953ab10-1f01-4529-9e83-b16d1a9b7789,frequently.gallery,available,36.98,,high,low,10,namecheap,,,
2ba982ab-6d12-452e-a512-29231fbdfac4,zoonotic.gallery,available,28.99,28.99,high,low,8,namesilo,,,13/09/2026 15:35
2e57b762-1d70-45ae-8c34-0d7f82dcff6f,creek.gallery,available,36.98,,high,low,5,namecheap,,,
be4aebe5-cc22-4efb-8f57-76be9a9341f6,skilful.gallery,available,29.98,36.98,high,low,7,namecheap,,,21/09/2026 17:29
c8bc0df3-7f12-4d6d-b2d8-544b21efe8c1,innocence.gallery,available,28.99,28.99,high,low,9,namesilo,,,
ec5ceb8a-93ec-4fdc-98a5-e08c9798b53f,dolomite.gallery,available,28.99,28.99,medium,low,8,namesilo,,,23/09/2026 23:01
f58b3bc6-6eed-4b98-8ba4-d85a233c50f5,expansive.gallery,available,29.98,36.98,high,low,9,namecheap,,,17/08/2026 18:00
47984406-fe8c-4e19-a663-045717c2d2a7,rages.gallery,available,28.99,28.99,low,low,5,namesilo,,,20/09/2026 11:24
8b93a9ba-5b1a-41a9-8c06-172e5f1cb2d7,beauvoir.gallery,available,28.99,28.99,high,low,8,namesilo,,,22/09/2026 22:24
0f02b726-7f80-4a2d-9b2b-951cbd39ad53,cassie.gallery,available,29.98,36.98,high,low,6,namecheap,,,16/09/2026 20:12
8f2c4a8a-c699-4c42-ba3e-d7258218b12a,balanus.gallery,available,29.98,36.98,medium,low,7,namecheap,,,21/09/2026 21:03
87161f9f-3730-467e-a242-12f6ac765eb3,boneless.gallery,available,28.99,28.99,high,low,8,namesilo,,,10/08/2026 18:38
11dfe0fe-3e0c-43e2-99a9-311b857aa803,executable.gallery,available,28.99,28.99,high,low,10,namesilo,,,17/08/2026 16:50
690c9caa-0516-42a0-8ccd-19cbe84a08c8,returns.gallery,available,28.99,28.99,high,low,7,namesilo,,,17/09/2026 17:19
40fa8fab-8866-40f1-9e76-f6f94ce05fdf,vanished.gallery,available,28.99,28.99,medium,low,8,namesilo,,,13/09/2026 01:09
9e4d34f1-c4a2-4e05-8b2d-7bccd9cf4bbb,formulated.gallery,available,28.99,28.99,high,low,10,namesilo,,,18/08/2026 12:22
90428165-d536-43f7-b867-c67707b54b7b,hedonistic.gallery,available,28.99,28.99,medium,low,10,namesilo,,,21/08/2026 05:56
0435c1e1-6ffe-4a91-b622-e541d3b6b4b3,mobile.gallery,available,29.98,36.98,high,medium,6,namecheap,,,25/09/2026 21:00
7bd0b395-9d26-46e9-b436-d49236992374,unchained.gallery,available,28.99,28.99,high,low,9,namesilo,,,12/09/2026 04:54
911af322-f418-41a5-a149-1ffe6e524c7a,surplus.gallery,available,28.99,28.99,high,low,7,namesilo,,,17/08/2026 16:09
359bd140-8daf-4d7f-9bf8-7acfcd7a0d24,affiliates.gallery,available,28.99,28.99,high,low,10,namesilo,,,21/09/2026 06:56
e076eef3-e13c-496d-aba1-aa23bd5e7618,atheism.gallery,available,29.98,36.98,medium,low,7,namecheap,,,20/09/2026 20:31
21e3caf3-745b-45ec-8079-4ac6e0b5f7cd,walking.gallery,available,28.99,28.99,high,low,7,namesilo,,,
26f46e82-579c-46f2-946e-c2f5c339dc36,pall.gallery,available,28.99,28.99,medium,low,4,namesilo,,,22/08/2026 11:56
354b8591-f5c2-42ee-afa0-7e22d05386aa,mouthfeel.gallery,available,36.98,,medium,low,10,namecheap,,,
7825228b-f136-4cea-8c81-af3329f563d7,infirm.gallery,available,41.99,41.99,medium,low,6,name.com,,,13/08/2026 20:32
b27bd926-2a70-47ea-a213-beb96724392e,maturate.gallery,available,28.99,28.99,high,low,8,namesilo,,,24/08/2026 17:31
71d98afe-ed0f-45ce-bad7-942e13d8a516,disarray.gallery,available,28.99,28.99,medium,low,8,namesilo,,,24/09/2026 17:15
87d1cb9a-b339-4460-8ea6-e6ff0b73b187,priestly.gallery,available,28.99,28.99,high,low,8,namesilo,,,21/08/2026 08:22
78225eb3-5413-4080-b827-a138ce438091,rivera.gallery,available,28.99,28.99,high,low,6,namesilo,,,25/09/2026 04:54
044000a5-53a9-49c1-b72b-b0735f4e5617,tied.gallery,available,28.99,28.99,high,low,4,namesilo,,,22/08/2026 17:45
9acd1348-8230-4dc4-9685-63ea04bb7569,swallow.gallery,available,28.99,28.99,high,low,7,namesilo,,,
a2486a7f-22c5-462b-9879-576b88886499,araguaia.gallery,available,28.99,28.99,medium,low,8,namesilo,,,19/09/2026 23:45
8b26b749-8e4f-4701-a634-a5b6cadb5c86,emollient.gallery,available,28.99,28.99,medium,low,9,namesilo,,,14/08/2026 01:39
6e24f8eb-a917-4bbc-a8b7-658d6811de25,shuddering.gallery,available,28.99,28.99,medium,low,10,namesilo,,,10/09/2026 07:02
545da265-079d-4853-b21d-54b0dc2e6daf,unsavory.gallery,available,28.99,28.99,medium,low,8,namesilo,,,14/08/2026 13:05
2e504072-3ca0-40a0-8a22-5459c698663d,arcminute.gallery,available,29.98,36.98,medium,low,9,namecheap,,,20/09/2026 02:40
f4cc3c28-ed46-4814-bdce-1a7fa1f79a0a,arcturus.gallery,available,28.99,28.99,medium,low,8,namesilo,,,20/09/2026 03:01
b1dc9676-b46f-4012-a1ec-43f15cdfc916,filaria.gallery,available,28.99,28.99,medium,low,7,namesilo,,,18/09/2026 06:14
6944e4ad-d052-4366-98a9-065c5498896d,plosive.gallery,available,28.99,28.99,medium,low,7,namesilo,,,04/09/2026 00:16
1c83ebdd-3f78-4c3a-8f88-faa14509cbc1,titus.gallery,available,28.99,28.99,high,low,5,namesilo,,,25/09/2026 05:37
da9e405d-67b6-4d17-bc99-c8bc620b8e8d,fab.gallery,available,29.98,36.98,high,low,3,namecheap,,,17/08/2026 20:08
ec85bdb8-5321-4d43-80cc-804ce46743e5,prolife.gallery,available,28.99,28.99,high,low,8,namesilo,,,
86e5f4af-ca4e-45e5-a272-dc6dfd5586da,chargeman.gallery,available,29.98,36.98,medium,low,9,namecheap,,,24/09/2026 04:25
95667326-01c3-480c-ab32-345e44ed1366,decayed.gallery,available,29.98,36.98,medium,low,7,namecheap,,,13/08/2026 20:59
63c4e5b7-edc7-4288-8e80-c75b017e58b3,utilized.gallery,available,28.99,28.99,medium,low,8,namesilo,,,13/09/2026 00:05
71d03f5e-68e6-47e8-a3ac-551a3d510a22,convert.gallery,available,29.98,36.98,high,low,7,namecheap,,,24/09/2026 17:55
cd152bd4-44c2-4c1f-ae7f-100a30325487,searches.gallery,available,28.99,28.99,medium,low,8,namesilo,,,20/09/2026 07:30
d56460d7-1fa4-40bc-a37e-7fad93ae70e2,hereby.gallery,available,28.99,28.99,high,low,6,namesilo,,,15/09/2026 00:25
2eb2e7b2-b821-4a5e-8b44-a6fde8e7f3a5,darkish.gallery,available,41.99,41.99,medium,low,7,name.com,,,13/08/2026 18:14
919235d4-cf89-4700-acc2-c3609348a3a2,meals.gallery,available,29.98,36.98,high,low,5,namecheap,,,18/09/2026 16:02
18801b11-11ca-4def-9049-0c044b886d07,sexually.gallery,available,28.99,28.99,medium,low,8,namesilo,,,16/09/2026 01:18
917d4b2d-0def-4765-a14c-1c8dd4d8c2b2,excites.gallery,available,28.99,28.99,medium,low,7,namesilo,,,20/09/2026 13:19
c4e0f66f-e7c2-4c97-8e15-77913755a8b7,mournfully.gallery,available,28.99,28.99,medium,low,10,namesilo,,,15/09/2026 15:33
5cc8204e-248f-4988-9049-73e3a4eb615c,marco.gallery,available,28.99,28.99,high,low,5,namesilo,,,
636e8ab4-0eb3-4184-9bce-ca44330b9db5,alir.gallery,available,28.99,28.99,medium,low,4,namesilo,,,17/08/2026 22:11
12e3cdb3-8b7e-4465-82e1-da02c99d3583,serb.gallery,available,28.99,28.99,high,low,4,namesilo,,,10/09/2026 04:35
c73058c4-ba0d-4a48-88e9-5433bd7a9202,araneus.gallery,available,29.98,36.98,medium,low,7,namecheap,,,20/09/2026 00:05
d31508ad-c86c-4e6e-a1ee-2d2f21d4d25b,continent.gallery,available,28.99,28.99,high,low,9,namesilo,,,11/08/2026 23:26
6346b277-c1b5-4dd0-b4da-a6a202763d6f,dissent.gallery,available,28.99,28.99,high,low,7,namesilo,,,
d9c21458-237c-4190-8e4b-4dbf59a7c89f,leisurely.gallery,available,28.99,28.99,high,low,9,namesilo,,,14/08/2026 23:02
bea97a03-fa51-42b7-814a-f80f16922fc5,sets.gallery,available,28.99,28.99,high,low,4,namesilo,,,
a14eb8b8-113d-4746-ad7f-c248172d8be6,qtips.gallery,available,29.98,36.98,medium,low,6,namecheap,,,17/09/2026 10:12
49ffb496-9af3-412c-87ae-f874e636221f,afrikaans.gallery,available,28.99,28.99,medium,low,9,namesilo,,,
5d02888d-25f7-4fb6-b0cc-198b6eb0537d,needle.gallery,available,28.99,28.99,high,low,6,namesilo,,,
1a722495-e540-4790-a20e-a748f71aa949,scientist.gallery,available,28.99,28.99,high,low,9,namesilo,,,25/09/2026 04:30
dc5947bc-b728-4f9e-b531-4ecc23990ae9,galaxy.gallery,resell,,,high,medium,6,"GoDaddy.com, LLC",10/07/2015 13:48,10/07/2027 13:48,18/09/2026 01:39
381b6b34-94cd-4366-9537-6a8e7bc55e7c,secretary.gallery,available,28.99,28.99,high,low,9,namesilo,,,25/09/2026 22:37
8f38fc3f-cc38-418a-aa32-a178b568b9ee,washout.gallery,available,29.98,36.98,medium,low,7,namecheap,,,14/08/2026 20:57
45b6f674-e08d-4242-ac20-a358a0fc341c,lyrical.gallery,available,28.99,28.99,high,low,7,namesilo,,,24/08/2026 12:41
d5912a24-1a22-45a6-adca-9a4394578795,newsstand.gallery,available,28.99,28.99,medium,low,10,namesilo,,,17/09/2026 05:46
a7e910ca-26ab-417d-a723-6cccb7a2c5e4,concisely.gallery,available,28.99,28.99,medium,low,9,namesilo,,,14/09/2026 08:10
6863d435-9a0d-4c8b-bb5a-f3dce728f702,axilla.gallery,available,28.99,28.99,medium,low,6,namesilo,,,20/09/2026 07:40
0444854b-34e1-4eba-955d-d04d27d9c67a,humour.gallery,available,28.99,28.99,high,low,6,namesilo,,,24/09/2026 06:31
7e28db8c-84a7-4bd0-8793-c089a2ccc735,thundery.gallery,available,41.99,41.99,medium,low,8,name.com,,,13/08/2026 19:58
1777d93a-b7af-45be-8caf-f4f07ffe40dd,anomala.gallery,available,28.99,28.99,medium,low,7,namesilo,,,19/09/2026 11:24
5cbbab64-5fa8-49ec-a543-4d8bb8ec8235,economic.gallery,available,29.98,36.98,high,low,8,namecheap,,,24/09/2026 13:22
0adc0adc-f981-477b-b3c5-2227a44b1a6c,cleanly.gallery,available,28.99,28.99,high,low,7,namesilo,,,12/08/2026 10:21
771df5b7-27eb-405e-965d-b18401623219,stomach.gallery,available,28.99,28.99,high,low,7,namesilo,,,16/09/2026 14:47
9183017f-682a-4c1b-9812-3c5735b09211,clinical.gallery,available,29.98,36.98,high,low,8,namecheap,,,25/09/2026 04:52
3e0f0975-7cb1-4dca-a2f6-b74da75877ad,rushing.gallery,available,36.98,,high,low,7,namecheap,,,
79edde4a-b5d4-4a5a-8260-de139172e897,drawn.gallery,available,29.98,36.98,high,low,5,namecheap,,,23/09/2026 12:57
ce59a8ea-987e-4cf4-8ad5-2bec7b50db57,passel.gallery,available,28.99,28.99,high,low,6,namesilo,,,25/08/2026 00:35
c19f42a0-36b4-4153-9a98-3f0458b11003,hdl.gallery,available,28.99,28.99,high,low,3,namesilo,,,18/09/2026 13:33
0d238e8f-7bbb-4b6d-ac05-82855f2383a9,humbug.gallery,available,28.99,28.99,high,low,6,namesilo,,,21/09/2026 23:48
abbf12b2-10ce-430b-b06a-faac6bb63cc4,rejoicing.gallery,available,28.99,28.99,high,low,9,namesilo,,,17/08/2026 19:50
75af91f9-59f1-4e96-a8e9-0d2fa51ebf32,cognizance.gallery,available,28.99,28.99,high,low,10,namesilo,,,21/09/2026 09:59
228b7a81-7772-4918-9486-b19aa1613450,actinidia.gallery,available,28.99,28.99,medium,low,9,namesilo,,,17/09/2026 04:47
53db7bf6-1856-49e5-b3cb-9695f5b6572a,dungeon.gallery,available,29.98,36.98,high,low,7,namecheap,,,24/09/2026 23:29
841cfcf5-f78a-4f36-9215-544b62df9d52,female.gallery,premium,118.8,118.8,high,low,6,namesilo,,,24/09/2026 11:24
b8bca536-6fc5-4ced-a5c9-f546592bba56,beheaded.gallery,available,28.99,28.99,medium,low,8,namesilo,,,09/08/2026 10:21
9e73cdcc-f9dd-4472-a67e-9f6c5111468f,thematic.gallery,available,28.99,28.99,high,low,8,namesilo,,,11/09/2026 12:43
be7136d2-eb5f-4e1c-87c4-a2e1ded978b7,animism.gallery,available,41.99,41.99,medium,low,7,name.com,,,19/09/2026 09:19
57a8ce11-3ece-43f6-9376-042381171e46,dressy.gallery,available,29.98,36.98,high,low,6,namecheap,,,14/08/2026 18:57
6585304a-72a0-4395-9a2b-080bd086bd36,wellington.gallery,available,29.98,36.98,high,low,10,namecheap,,,20/09/2026 11:08
74c7b7a8-09b2-4aa1-a62d-3cde01307881,pleading.gallery,available,28.99,28.99,medium,low,8,namesilo,,,09/08/2026 15:21
97882089-0e6c-4744-b640-b97d1964ef03,tangibly.gallery,available,28.99,28.99,medium,low,8,namesilo,,,16/09/2026 07:54
c7fdd54e-1dee-40d9-bb3e-a4c3642adae7,moderate.gallery,available,28.99,28.99,high,low,8,namesilo,,,12/08/2026 00:16
5b899fea-c7b9-4abb-95b1-ed66307fb383,oxygen.gallery,available,28.99,28.99,high,low,6,namesilo,,,
cd405add-bf6f-4ee5-826e-2fc7a4e52d24,aryan.gallery,available,,,high,high,5,,,,
24a54f3a-29ce-4d0e-9d44-d8f81e41e3ca,building.gallery,available,28.99,28.99,high,low,8,namesilo,,,
9cfe5dd4-59a3-484c-aec0-6e51f7874e9b,binful.gallery,available,28.99,28.99,medium,low,6,namesilo,,,23/09/2026 17:14
768eb2df-ec5e-4993-823b-fd49e802b1e3,resulted.gallery,available,28.99,28.99,medium,low,8,namesilo,,,19/09/2026 00:26
13d20999-35d2-4e93-b403-053b84340d72,prenatal.gallery,available,28.99,28.99,high,low,8,namesilo,,,22/09/2026 05:55
cd47ab06-dab8-4525-9333-f46fb526d11f,guidance.gallery,available,29.98,36.98,high,low,8,namecheap,,,24/09/2026 02:39
6c08fcd4-bc33-40c0-b2cc-ce9ba21e6dbe,blenheim.gallery,available,28.99,28.99,medium,low,8,namesilo,,,24/09/2026 05:52
8a267964-80cb-44e6-90d7-719df3af18ca,assuage.gallery,available,28.99,28.99,high,low,7,namesilo,,,18/08/2026 22:06
d842af29-78e1-4cdf-8903-4da91a193d64,export.gallery,available,28.99,28.99,high,low,6,namesilo,,,
21e55d97-37aa-41e5-a621-3d9e977909f0,revengeful.gallery,available,28.99,28.99,medium,low,10,namesilo,,,09/09/2026 16:00
9b8c090d-148e-4670-8c9f-32e36f754467,monegasque.gallery,available,28.99,28.99,medium,low,10,namesilo,,,25/08/2026 04:03
fb790f23-b003-4141-9900-cf446066bcb0,aquila.gallery,available,28.99,28.99,high,low,6,namesilo,,,19/09/2026 23:12
a7249bb6-bbb6-4f03-9159-ae439362d14c,acrobates.gallery,available,28.99,28.99,medium,low,9,namesilo,,,17/09/2026 03:18
0cb5e076-7252-42ad-ae12-212b3d2251f0,incursive.gallery,available,28.99,28.99,medium,low,9,namesilo,,,22/08/2026 02:09
3e5101d9-4403-4019-a9c9-bc280719c0dd,speculate.gallery,available,28.99,28.99,high,low,9,namesilo,,,
7ca00848-1a94-40de-90a9-ffc3c492b4d4,hedonic.gallery,available,28.99,28.99,medium,low,7,namesilo,,,21/08/2026 05:52
b87a6e51-400e-4f17-abe9-54df1e7f3d4e,appraiser.gallery,available,29.98,36.98,high,low,9,namecheap,,,19/09/2026 22:12
5abc05e5-1e75-4404-a8ec-bf06cce70940,dejected.gallery,available,28.99,28.99,medium,low,8,namesilo,,,14/08/2026 00:19
269aa40f-3b59-4418-95d1-4d365d52122c,salisbury.gallery,available,28.99,28.99,high,low,9,namesilo,,,24/09/2026 12:37
1d7406a9-4efa-440c-84e8-8878f202022d,cats.gallery,premium,512,512,high,low,4,namesilo,,,17/09/2026 10:29
3ceaa688-5f70-4817-a279-768969661606,plaques.gallery,available,28.99,28.99,low,low,7,namesilo,,,20/09/2026 08:19
6033a04c-d908-4292-81ff-4d946b354a68,unwed.gallery,available,28.99,28.99,high,low,5,namesilo,,,12/09/2026 22:35
9814f644-2695-4c92-bdba-c7d8567d8417,imbalanced.gallery,available,29.98,36.98,medium,low,10,namecheap,,,21/08/2026 20:20
47ae691b-19c7-4133-8888-87ee7d3e16d6,follicular.gallery,available,28.99,28.99,medium,low,10,namesilo,,,18/08/2026 10:20
2514cb3b-1f6f-4645-ba58-9cb5539d853f,colouring.gallery,available,28.99,28.99,high,low,9,namesilo,,,12/08/2026 17:33
4bae35ad-8a5e-46f6-af09-adf01b065a9d,aimless.gallery,available,28.99,28.99,medium,low,7,namesilo,,,
5fe7837e-ba63-4771-968c-66efa030fcc8,duplex.gallery,available,29.98,36.98,high,low,6,namecheap,,,14/08/2026 21:23
bf1d5939-0cb3-46d9-a3d5-55549d30c095,indication.gallery,available,28.99,28.99,high,low,10,namesilo,,,24/09/2026 21:52
ac7cecb0-e02b-4600-a924-285b3ab12512,memorably.gallery,available,28.99,28.99,high,low,9,namesilo,,,15/09/2026 14:01
1c412f14-81c0-47ca-af2c-87fd1470f835,twilight.gallery,premium,128.7,128.7,high,low,8,namecheap,,,11/09/2026 21:38
bd50cb29-2f90-4148-9397-b5d78c4af70d,see.gallery,premium,512,512,high,medium,3,namesilo,,,24/09/2026 16:46
c3318f04-30aa-44a2-93eb-da5a4dd935f7,ahuehuete.gallery,available,28.99,28.99,medium,low,9,namesilo,,,17/09/2026 20:34
d8a77cb6-9f55-4ad0-b03d-8d01530989d6,appetiser.gallery,available,29.98,36.98,high,low,9,namecheap,,,19/09/2026 20:48
0295c09f-4a21-4284-8644-f3ce2d205b64,shopworn.gallery,available,28.99,28.99,medium,low,8,namesilo,,,08/08/2026 11:06
f1f35b68-73dc-4f2d-9eec-0904b9ec2e20,indifferent.gallery,available,28.99,28.99,high,low,11,namesilo,,,
e92b3faa-f771-44ca-9241-c4a59b49cbf6,yielded.gallery,available,28.99,28.99,medium,low,7,namesilo,,,18/09/2026 03:02
df9ab656-ce1f-4c72-bbe3-67e151ece143,catoptric.gallery,available,28.99,28.99,medium,low,9,namesilo,,,11/08/2026 22:12
0e582545-8800-4c59-aa7a-6f491da72e72,crowns.gallery,available,28.99,28.99,medium,low,6,namesilo,,,18/09/2026 06:26
71ad9e43-93a6-478c-87b6-c5a3ed204a1d,soleless.gallery,available,28.99,28.99,medium,low,8,namesilo,,,10/09/2026 13:37
75fcd5f7-c495-47aa-8b77-7187768e81be,spirea.gallery,available,28.99,28.99,medium,low,6,namesilo,,,20/09/2026 17:27
9ab6f5d3-1a7f-4776-87ed-88f8e035c2b4,hindu.gallery,available,28.99,28.99,high,low,5,namesilo,,,21/08/2026 09:30
1736d867-acaf-4ea1-bc5c-48255ab067bf,phil.gallery,available,28.99,28.99,high,medium,4,namesilo,,,
2ef651d2-22dc-4fbc-9340-f2351c75b0c5,glamorous.gallery,available,28.99,28.99,high,low,9,namesilo,,,19/08/2026 00:15
d29803bf-992f-4a46-bd6f-afa01cc7f101,firmament.gallery,available,29.98,36.98,high,low,9,namecheap,,,16/08/2026 20:58
d39ef57f-f287-46e5-9ce8-578a6b19d218,swagger.gallery,available,28.99,28.99,high,low,7,namesilo,,,11/09/2026 04:59
907be3f5-c1e3-4c9e-a925-7287162f17b5,lax.gallery,premium,82.5,82.5,high,low,3,name.com,,,22/08/2026 21:22
50adc9ef-de79-4e44-89f3-0d72e3a02268,stump.gallery,available,28.99,28.99,high,low,5,namesilo,,,18/09/2026 17:18
d77b869d-e0d3-422c-94c3-b99383240009,dana.gallery,available,28.99,28.99,high,low,4,namesilo,,,25/09/2026 22:21
d7279335-0d9a-495e-a0ad-e1f6cb6f3d67,cantonal.gallery,available,28.99,28.99,medium,low,8,namesilo,,,11/08/2026 17:44
cb0f46fe-ab48-428b-bb78-92100ba8ad28,cretaceous.gallery,available,28.99,28.99,medium,low,10,namesilo,,,13/08/2026 06:22
a0ad4457-a93d-4366-bdf9-95286c43f317,audi.gallery,available,,,high,high,4,,,,
4ee39a35-e697-44c2-9088-14b145c48250,ron.gallery,premium,38.94,38.94,high,low,3,namesilo,,,25/09/2026 00:25
ad06741e-38d2-4ca7-8e50-f0b5169f0006,bede.gallery,available,28.99,28.99,high,low,4,namesilo,,,21/09/2026 17:17
792bb252-3192-43cd-be46-199401aafba4,pampering.gallery,available,28.99,28.99,high,low,9,namesilo,,,05/09/2026 00:29
1c73ff15-781b-4ab9-9295-c07e09c02d7e,downstair.gallery,available,29.98,36.98,medium,low,9,namecheap,,,14/08/2026 17:57
8a7602f4-29c6-415c-815d-410caf5a1260,pleasant.gallery,available,28.99,28.99,high,low,8,namesilo,,,
cdb29297-8cc9-47f3-8a3c-75213cc8222d,wyrd.gallery,available,28.99,28.99,medium,low,4,namesilo,,,13/09/2026 10:11
e041a363-f203-4ce6-aaed-1fe69f26a98e,muffin.gallery,available,36.98,,high,low,6,namecheap,,,
33cec6c8-4dd5-4491-9c5f-8e5f54f3eb42,endurance.gallery,available,28.99,28.99,high,low,9,namesilo,,,
cbbb30bf-2d39-4715-8e4e-2d224b3ba4ce,dawning.gallery,available,28.99,28.99,high,low,7,namesilo,,,11/09/2026 02:03
43dfddaa-3417-450d-986f-df8248713405,bacterial.gallery,available,28.99,28.99,high,low,9,namesilo,,,22/09/2026 16:00
fb705362-45eb-4a13-9e95-5149dffd55fe,amorist.gallery,available,28.99,28.99,high,low,7,namesilo,,,18/09/2026 22:43
ec7f7c0b-4abb-48fa-bc99-204d17f0538b,ginger.gallery,available,28.99,28.99,high,low,6,namesilo,,,18/08/2026 23:51
f0be6824-33bb-484c-b764-ea9619df86da,boding.gallery,available,28.99,28.99,medium,low,6,namesilo,,,18/08/2026 11:34
29154f3e-5155-45fa-b6d5-2206026e06de,televised.gallery,available,29.98,36.98,high,low,9,namecheap,,,21/09/2026 05:39
f51d4be9-d8e1-49ce-ae96-6a83004366d1,poole.gallery,available,29.98,36.98,high,low,5,namecheap,,,25/09/2026 17:31
605e1c1a-365c-46dd-80fe-204176dfb272,pinched.gallery,available,29.98,36.98,high,low,7,namecheap,,,10/08/2026 18:58
877ca592-849f-482d-807c-6ee88907608b,hellenic.gallery,available,28.99,28.99,high,low,8,namesilo,,,20/08/2026 17:54
a028028c-97a9-4e59-9d7c-a32f40faf736,automatism.gallery,available,28.99,28.99,medium,low,10,namesilo,,,21/09/2026 06:59
403f553a-82d0-433a-8a05-1a31af3edaac,rowdy.gallery,available,28.99,28.99,high,low,5,namesilo,,,11/08/2026 08:44
b2407679-c2a0-4701-9251-00baada42462,chinch.gallery,available,28.99,28.99,medium,low,6,namesilo,,,22/09/2026 22:46
78c84838-0043-4043-9e76-0a73479ebb1b,slashing.gallery,available,28.99,28.99,high,low,8,namesilo,,,10/09/2026 10:08
095bdafc-12eb-4c70-8743-1f6201d188cd,exposit.gallery,available,28.99,28.99,medium,low,7,namesilo,,,15/08/2026 23:47
9340ab05-fc7b-4aee-8ea5-b634234469c3,panoptic.gallery,available,29.98,36.98,medium,low,8,namecheap,,,
2fb16a0c-3dc0-46cd-8dbf-d4045729db0b,inelegant.gallery,available,28.99,28.99,medium,low,9,namesilo,,,22/08/2026 03:44
e531d25c-d37e-4c36-b554-c8a49f087830,ebooks.gallery,available,28.99,28.99,high,low,6,namesilo,,,18/09/2026 08:29
8f34cf42-30e2-4988-96c8-4fecd469c1de,holistic.gallery,available,28.99,28.99,high,low,8,namesilo,,,21/08/2026 10:30
ceb55da8-8219-4cbf-9620-637539c7df43,organizer.gallery,available,28.99,28.99,high,low,9,namesilo,,,20/09/2026 08:45
4cb7c1b2-ed81-4091-a6ee-75240364d943,cimmerian.gallery,available,28.99,28.99,medium,low,9,namesilo,,,12/08/2026 08:11
74044d75-c2dc-4dc9-9403-4c63e4147872,rimless.gallery,available,28.99,28.99,medium,low,7,namesilo,,,09/09/2026 17:43
5ba6f75a-ae8a-4e23-adb6-c97a8df983b5,belmont.gallery,available,28.99,28.99,high,low,7,namesilo,,,23/09/2026 06:57
e2311985-9b90-47c1-8695-46fc68912111,stoned.gallery,available,29.98,36.98,medium,low,6,namecheap,,,10/09/2026 21:10
b796caaa-deb9-4df1-a130-87915f4e7c1a,barracuda.gallery,available,28.99,28.99,high,low,9,namesilo,,,22/09/2026 07:54
7781e27f-bbb0-4399-9e9d-a3621023c061,medically.gallery,available,28.99,28.99,medium,low,9,namesilo,,,15/09/2026 13:56
83fbf362-3a6d-4079-80ff-d10c55e25d07,algebraist.gallery,available,28.99,28.99,medium,low,10,namesilo,,,18/09/2026 06:55
f68b3a7c-968d-4c7b-9eff-ecd132fa45a6,tricolor.gallery,available,29.98,36.98,high,low,8,namecheap,,,11/09/2026 19:26
de48bf70-18f8-420b-93bb-87f67edc505d,remaining.gallery,available,28.99,28.99,high,low,9,namesilo,,,22/08/2026 22:43
6ca16de2-9699-427f-9c75-3c8ca08066b2,exchanged.gallery,available,28.99,28.99,high,low,9,namesilo,,,17/08/2026 16:20
6bd8604c-99f9-4373-bf5c-c4f95f064422,passbook.gallery,available,28.99,28.99,high,low,8,namesilo,,,22/09/2026 02:44
f25df614-2929-4e28-bbfc-f7f384c72490,coalesced.gallery,available,28.99,28.99,medium,low,9,namesilo,,,
ae230aab-d24e-49f6-812c-635f75987cca,ages.gallery,available,28.99,28.99,medium,low,4,namesilo,,,
14674997-08b8-4cfa-8f2f-4c9cf0d0fa27,bawd.gallery,available,41.99,41.99,medium,low,4,name.com,,,13/08/2026 14:22
a6db5b7e-b0db-4648-8f25-6e992cb32ef4,steroids.gallery,available,29.98,36.98,medium,low,8,namecheap,,,19/09/2026 19:38
e1e3310e-5a2e-4898-9ba8-4387eb064be3,acinar.gallery,available,28.99,28.99,medium,low,6,namesilo,,,
1aed51b7-f3d8-4d14-ab99-358624334d21,eagle.gallery,available,29.98,36.98,high,low,5,namecheap,,,23/09/2026 20:02
29cfc4eb-a0a7-44c1-98b2-8892a9daee34,inherently.gallery,available,28.99,28.99,medium,low,10,namesilo,,,15/09/2026 08:20
84d8bd61-7a62-46b8-be7d-215e55285ae4,wei.gallery,available,28.99,28.99,high,low,3,namesilo,,,25/09/2026 10:59
8f119a8c-43d4-4673-9f50-e9ffacff05ce,manlike.gallery,available,28.99,28.99,medium,low,7,namesilo,,,24/08/2026 14:48
2df732a3-42a8-45d3-9dd1-8b95fcd31e20,unplanned.gallery,available,28.99,28.99,medium,low,9,namesilo,,,12/09/2026 16:51
eefe35a1-fec5-471f-aeb4-87a10ee1727f,biosphere.gallery,available,29.98,36.98,high,low,9,namecheap,,,23/09/2026 19:04
ed2d2be1-baaf-457a-8d0d-0850b974acea,bury.gallery,available,28.99,28.99,high,low,4,namesilo,,,
f79545b9-b923-4270-a99a-181440a51adc,shaver.gallery,available,28.99,28.99,medium,low,6,namesilo,,,25/08/2026 00:03
cf34aa47-8b2c-4b0d-8f49-c8592f074fd2,witching.gallery,available,28.99,28.99,high,low,8,namesilo,,,13/09/2026 12:46
43fc16a2-81d7-45ae-9f7c-aa91ae17dbbe,slave.gallery,available,28.99,28.99,high,low,5,namesilo,,,
eece9b6f-efa3-424c-8f6f-642e3e4501a1,tractable.gallery,available,28.99,28.99,medium,low,9,namesilo,,,24/08/2026 15:10
32e6e270-0293-40c1-99a7-a48bc768f6c0,shepard.gallery,available,29.98,36.98,high,low,7,namecheap,,,18/09/2026 01:40
2871893e-397c-42fb-817e-e0405c40223f,baking.gallery,available,28.99,28.99,high,low,6,namesilo,,,22/09/2026 16:25
9f37868e-5215-49ce-8e1e-69035bb8660b,lucifugous.gallery,available,28.99,28.99,low,low,10,namesilo,,,24/08/2026 10:55
a887300e-46dc-4f3f-a4ee-36e3dc36c1d0,grands.gallery,available,28.99,28.99,medium,low,6,namesilo,,,20/09/2026 04:57
c6fcf509-c600-4211-a696-2a77e0303a34,ashen.gallery,available,28.99,28.99,medium,low,5,namesilo,,,07/08/2026 02:09
b3372934-b6ac-4333-991c-a1c2778b2cc8,weirdo.gallery,available,28.99,28.99,high,low,6,namesilo,,,13/08/2026 05:38
5a713c19-10a4-454e-8e81-b1aac4378ef7,operable.gallery,available,28.99,28.99,medium,low,8,namesilo,,,04/09/2026 16:20
f66f6312-3836-4192-b296-cdf504c3e1ec,afresh.gallery,available,29.98,36.98,medium,low,6,namecheap,,,13/09/2026 18:01
40f8fcd3-b2d2-42d3-91a2-c233e77ac01e,polychrome.gallery,available,28.99,28.99,high,low,10,namesilo,,,08/09/2026 23:11
393e03e4-4270-4b2b-8980-d5d38c83b393,pullover.gallery,available,28.99,28.99,high,low,9,namesilo,,,16/09/2026 17:17
407ffb73-26fa-4515-95e1-1fa0cdb52ea2,beshrew.gallery,available,41.99,41.99,medium,low,7,name.com,,,13/08/2026 16:19
c772d838-e847-4f64-9621-7eb6837a577b,ramshackle.gallery,available,28.99,28.99,medium,low,10,namesilo,,,11/08/2026 05:22
f41f43f6-248c-49fd-a4dc-305725abf2eb,prate.gallery,available,28.99,28.99,medium,low,5,namesilo,,,23/09/2026 23:29
2dcd6d62-b71c-4f4c-812b-6e847e9de396,security.gallery,premium,38.94,38.94,high,medium,8,namesilo,,,24/09/2026 21:55
c53cdd03-0e2c-4863-9ae5-ceb27fa878f1,blastoff.gallery,available,29.98,36.98,high,low,8,namecheap,,,24/09/2026 04:43
c590208b-be29-4321-b4ea-88b3c9d7bd33,appetence.gallery,available,28.99,28.99,medium,low,9,namesilo,,,19/09/2026 20:44
106072d9-7b28-4cda-a727-65dfb839b5ee,enraged.gallery,available,28.99,28.99,medium,low,7,namesilo,,,
7bfa42e4-c429-45a6-beaf-532010c260e2,heavily.gallery,available,28.99,28.99,medium,low,7,namesilo,,,21/08/2026 05:28
111453a6-0da2-492f-890b-a36ef710c7f6,accountant.gallery,premium,78.54,78.54,high,low,10,namesilo,,,16/09/2026 23:11
6117c664-c427-4247-826e-4d0c1915ab40,seedless.gallery,available,28.99,28.99,high,low,8,namesilo,,,10/09/2026 01:45
a01a1a25-b6cb-4b29-be78-4c28b5698980,jet.gallery,premium,78.54,78.54,high,medium,3,namesilo,,,12/08/2026 13:39
2a6b1734-fb0a-4d18-be3c-b44edcbe9bc6,humdrum.gallery,available,28.99,28.99,medium,low,7,namesilo,,,21/08/2026 15:05
6f931183-92d3-4bcc-b5d4-d56a8bc54ad7,tatum.gallery,available,41.99,41.99,high,low,5,name.com,,,20/09/2026 10:00
82bacbb6-b482-4a8f-b251-5c3da59c1471,varicose.gallery,available,28.99,28.99,medium,low,8,namesilo,,,13/09/2026 01:20
6d79813e-0a62-4894-bb80-7fe0b1fe5a15,anthozoa.gallery,available,28.99,28.99,medium,low,8,namesilo,,,17/09/2026 05:01
a738f74a-8ba4-4594-896b-2069f3121d36,chunky.gallery,available,28.99,28.99,high,low,6,namesilo,,,12/08/2026 07:44
602d4ab4-d207-4f1c-a905-80e18adde3c0,apian.gallery,available,28.99,28.99,medium,low,5,namesilo,,,05/08/2026 23:47
3c63fd2c-0039-48a3-b088-c8584d0f4e4b,bared.gallery,available,28.99,28.99,medium,low,5,namesilo,,,22/09/2026 17:24
4fcc1fd1-791b-4c00-96c5-d91cb4ac0e4e,isbn.gallery,available,28.99,28.99,high,low,4,namesilo,,,
1e0d8e6c-683c-4a0f-89b8-aeeeb595f068,checkered.gallery,available,28.99,28.99,high,low,9,namesilo,,,12/08/2026 03:38
ee34833b-471f-4ab9-8657-6658939ae897,smiths.gallery,available,28.99,28.99,medium,low,6,namesilo,,,19/09/2026 22:24
3cab9b13-9a81-4f69-accf-a04f09fca710,visible.gallery,available,28.99,28.99,high,low,7,namesilo,,,
6f067844-0f0c-4b2c-8553-c3eec8249ede,effortless.gallery,available,28.99,28.99,high,low,10,namesilo,,,15/08/2026 16:21
f281cc7d-5e5f-41c1-97b4-e6225d6c53c7,photocopying.gallery,available,28.99,28.99,high,low,12,namesilo,,,20/09/2026 03:35
7d5e3342-d717-4c76-8942-e74094e9ea5d,crosby.gallery,available,28.99,28.99,high,low,6,namesilo,,,23/09/2026 17:15
ab767589-34ce-41a0-844c-21eadb7ce922,indigene.gallery,available,28.99,28.99,medium,low,8,namesilo,,,03/09/2026 13:49
8f190a70-1186-438f-9499-648e504ea34b,merrily.gallery,available,28.99,28.99,high,low,7,namesilo,,,14/09/2026 00:25
195ffdc3-509d-4123-864c-f806813d78b0,dwindling.gallery,available,28.99,28.99,medium,low,9,namesilo,,,14/08/2026 21:48
4419c813-4a3e-44c8-b031-e2dc82377a9a,constantly.gallery,available,28.99,28.99,high,low,10,namesilo,,,
def64bf7-275b-4af5-a5e9-e2028d74472d,maternal.gallery,available,29.98,36.98,high,low,8,namecheap,,,25/09/2026 18:01
b10bd4c8-7254-4b4a-88ed-38e78fc6c02b,shapely.gallery,available,28.99,28.99,high,low,7,namesilo,,,10/09/2026 05:57
877bacc1-e5e1-4e25-92dc-04f0fb283aab,dances.gallery,available,28.99,28.99,high,low,6,namesilo,,,
237f5e0a-3013-42dc-8db7-6ac10df482c2,burgess.gallery,available,28.99,28.99,medium,low,7,namesilo,,,19/09/2026 13:35
fbaba0c7-ff97-41fb-b65c-9b65a8802c3f,togged.gallery,available,28.99,28.99,medium,low,6,namesilo,,,11/09/2026 16:44
39725145-a158-4638-a13a-ba1669779fdf,xxxii.gallery,available,28.99,28.99,medium,low,5,namesilo,,,
25a22b34-5719-4161-a0a4-41e739f8fd23,cohesive.gallery,available,28.99,28.99,high,low,8,namesilo,,,12/08/2026 16:05
9c9c0fe8-f6bb-4605-92dc-bf64c0407f51,flew.gallery,available,28.99,28.99,high,low,4,namesilo,,,
c141d437-91bf-418c-8260-fdb8b558dbe7,unmeasured.gallery,available,28.99,28.99,medium,low,10,namesilo,,,21/08/2026 20:53
cfc36d24-b329-4218-8631-e17c05315356,walters.gallery,premium,78.54,78.54,high,low,7,namesilo,,,25/09/2026 15:56
69046f30-a0e3-4133-a5b6-b7967958d9df,moroccan.gallery,resell,,,high,low,8,"GoDaddy.com, LLC",10/03/2026 07:25,10/03/2027 07:25,24/08/2026 16:17
d992acca-8b9b-4bf6-8d9a-190338332988,engines.gallery,available,29.98,36.98,medium,low,7,namecheap,,,19/09/2026 19:59
71e28267-5978-4a77-83bb-ea4a2b9d709d,benefice.gallery,available,28.99,28.99,high,low,8,namesilo,,,23/09/2026 07:54
4d7bdb0b-2f5e-4d46-a62e-19a2e7c64103,benton.gallery,available,41.99,41.99,high,low,6,name.com,,,25/09/2026 17:00
1791aff5-522c-4848-902c-0f32b3eb7c80,thorough.gallery,available,28.99,28.99,high,low,8,namesilo,,,17/08/2026 17:10
7452be0c-33b3-4453-a05c-c763c68bae0d,foolproof.gallery,available,28.99,28.99,high,low,9,namesilo,,,18/08/2026 10:37
f897ff45-3ee5-41c7-b3af-08f21af91082,turned.gallery,available,28.99,28.99,high,low,6,namesilo,,,
921fe909-4904-4e07-8426-ed8528e646d0,list.gallery,available,28.99,28.99,high,low,4,namesilo,,,25/09/2026 13:18
5288f2cb-a8fd-4701-800e-0c8698d88f87,argyle.gallery,available,28.99,28.99,high,low,6,namesilo,,,20/09/2026 04:57
9c4f458e-7b95-48c3-8d77-899e16cdd68b,fcc.gallery,available,28.99,28.99,high,low,3,namesilo,,,25/09/2026 05:53
4c2ed505-1a1f-4a85-bf56-6d2511f1dacd,acherontic.gallery,available,28.99,28.99,medium,low,10,namesilo,,,
a23299cc-0cc1-4d2d-83b5-a71987bd4585,designs.gallery,available,28.99,28.99,high,low,7,namesilo,,,23/09/2026 12:02
fe87bbb6-5264-4b55-971b-c9071a01f259,maintain.gallery,available,28.99,28.99,high,low,8,namesilo,,,
222de4e6-ccb2-4b14-a841-a2f1c66e1163,sanious.gallery,available,29.98,36.98,medium,low,7,namecheap,,,21/08/2026 17:49
b3d68b76-6933-4a1c-82c3-0c039b50f097,kinglike.gallery,available,28.99,28.99,medium,low,8,namesilo,,,22/08/2026 16:19
5314c51a-1dd2-4ab5-a98f-7bf9c3cedb25,justification.gallery,available,28.99,28.99,medium,low,13,namesilo,,,
7466e646-5098-4b27-8996-c57fae7aa143,masoud.gallery,available,29.98,36.98,medium,low,6,namecheap,,,17/09/2026 20:25
94ca8f56-3c5b-4717-beea-b40e26329e13,makings.gallery,available,29.98,36.98,high,low,7,namecheap,,,20/09/2026 04:27
dcc8aa5a-df19-4ae3-8ea4-66beb9b573db,inanimate.gallery,available,28.99,28.99,medium,low,9,namesilo,,,22/08/2026 00:17
9bdaeb57-0751-48ef-a85c-9b9d8d784fb7,tributary.gallery,available,29.98,36.98,high,low,9,namecheap,,,12/08/2026 20:32
f896337b-1c64-4ee2-8a84-c65fcebcc99f,cowardly.gallery,available,28.99,28.99,medium,low,8,namesilo,,,13/08/2026 04:07
3eef8934-0bb6-4fb6-aedf-d3339c92c454,divide.gallery,available,28.99,28.99,high,low,6,namesilo,,,
989f8bc0-f9bd-4efc-8ed6-ce5693f5997b,threatened.gallery,available,28.99,28.99,medium,low,10,namesilo,,,11/09/2026 14:13
3c83b2d0-fc97-4a31-9473-7f0d867159bc,getaways.gallery,available,29.98,36.98,medium,low,8,namecheap,,,20/09/2026 18:37
50f6b680-8bdf-4582-9d59-470fd3cbf629,sudanese.gallery,available,28.99,28.99,high,low,8,namesilo,,,11/09/2026 01:05
017e637b-ce72-44a4-826c-52e57c7f5b95,twinning.gallery,available,28.99,28.99,high,low,8,namesilo,,,10/08/2026 04:17
255103bd-bf90-4467-83b5-b52b74a46473,sagging.gallery,available,28.99,28.99,medium,low,7,namesilo,,,14/08/2026 19:45
9298d92f-15b7-40e3-876a-923058037b6b,numeric.gallery,available,28.99,28.99,high,low,7,namesilo,,,03/09/2026 22:54
ef1cd879-c40c-4eaa-8c0c-75861da07335,extant.gallery,available,29.98,36.98,high,low,6,namecheap,,,17/08/2026 18:56
0364633f-f9e4-4b1b-b077-b9593eb7894b,homy.gallery,available,28.99,28.99,medium,low,4,namesilo,,,21/08/2026 11:08
802c15a3-633a-416c-91dd-d6ae74eacd78,cost.gallery,available,28.99,28.99,high,low,4,namesilo,,,
67f793d1-2a64-4ab2-9ec7-e7b92702bf72,dislocated.gallery,available,28.99,28.99,medium,low,10,namesilo,,,14/08/2026 11:31
02212a07-ff37-46e9-b802-997e87d02c02,concord.gallery,available,28.99,28.99,high,low,7,namesilo,,,16/09/2026 22:58
edf7f24d-4a5b-4a85-961b-c7a4e00b56dd,nestled.gallery,available,28.99,28.99,high,low,7,namesilo,,,03/09/2026 15:46
20d7eb29-7d7f-4dac-b0a5-c3e54007a407,hassle.gallery,available,36.98,,high,low,6,namecheap,,,
1b1a664d-ade6-4435-bc45-f87f1e6bc84e,rico.gallery,available,28.99,28.99,high,low,4,namesilo,,,19/09/2026 14:11
d7fa3e50-3b98-46cf-9398-52bedd2180a6,tare.gallery,available,29.98,36.98,high,low,4,namecheap,,,22/09/2026 21:12
a5def0f6-7232-450a-abcd-e8e0c4b56171,filling.gallery,available,28.99,28.99,high,low,7,namesilo,,,25/09/2026 22:48
5e021a51-87a4-44e5-a15c-0c1e47ca54bf,coccoid.gallery,available,28.99,28.99,medium,low,7,namesilo,,,12/08/2026 14:41
3144d79c-6781-4639-8f35-bbe2c1c4aa16,kelly.gallery,available,28.99,28.99,high,low,5,namesilo,,,25/09/2026 05:33
e6c55080-f3b9-4bc1-a3f8-a0cc01d096ec,bellows.gallery,available,28.99,28.99,high,low,7,namesilo,,,23/09/2026 06:26
1cbd84c1-3b9f-4edc-b35b-05fc5d9ef718,cattie.gallery,available,28.99,28.99,medium,low,6,namesilo,,,11/08/2026 22:14
715326f6-35c4-4ff5-802e-52e4228b0ec0,todd.gallery,available,28.99,28.99,high,low,4,namesilo,,,25/09/2026 09:07
18dd9809-b6d7-4374-bd70-6d69c32d0ba4,cocks.gallery,available,28.99,28.99,medium,low,5,namesilo,,,18/09/2026 23:39
29cf9de1-3d25-4ae1-a759-fe43d5243179,alcea.gallery,available,28.99,28.99,medium,low,5,namesilo,,,18/09/2026 03:52
33569f4f-891b-4e6a-a39f-c3a706bdce5a,orchestra.gallery,available,28.99,28.99,high,low,9,namesilo,,,
a0ea7549-7665-43bb-9f20-89fd97b2b9bd,edifying.gallery,available,28.99,28.99,high,low,8,namesilo,,,15/08/2026 10:17
cdae7be5-1bbc-4dc0-ae2d-a8bf7dcc7d6a,welds.gallery,available,28.99,28.99,medium,low,5,namesilo,,,20/09/2026 14:08
a37e6eec-c803-4885-b57b-426cafc4a52e,beginning.gallery,available,28.99,28.99,high,low,9,namesilo,,,09/08/2026 09:06
76b97946-60b7-4108-ad75-54a1e0f998a5,taboo.gallery,available,28.99,28.99,high,low,5,namesilo,,,18/08/2026 11:03
507d96e0-c3e7-4ed1-b396-a9b18eb6031b,orienting.gallery,available,29.98,36.98,high,low,9,namecheap,,,04/09/2026 17:56
2b95fb4b-5804-40a6-ac24-e78cdd1b8662,deafen.gallery,available,41.99,41.99,medium,low,6,name.com,,,13/08/2026 19:44
cc162b23-c3de-4fcc-9795-1c98ee9e6250,belay.gallery,available,28.99,28.99,medium,low,5,namesilo,,,23/09/2026 04:34
648a1f36-8e2e-41a0-9374-9466c3d85723,impostor.gallery,available,28.99,28.99,medium,low,8,namesilo,,,09/09/2026 04:59
c68eea3f-32d2-4295-9d70-f280ccbdf26e,reanimated.gallery,available,28.99,28.99,medium,low,10,namesilo,,,09/09/2026 10:58
6c00ba7d-1011-4c24-a32d-d2bbcb6672ed,hammered.gallery,available,28.99,28.99,medium,low,8,namesilo,,,20/08/2026 22:59
26e6b0be-834b-45de-956d-0a729600c5ee,omit.gallery,available,28.99,28.99,high,low,4,namesilo,,,
e89a69fe-0662-4c3a-9ee1-918ce066c902,applicant.gallery,available,28.99,28.99,high,low,9,namesilo,,,19/09/2026 21:53
295de2b7-c1fd-4355-aacc-4021fd17eb59,needy.gallery,available,29.98,36.98,medium,low,5,namecheap,,,24/09/2026 06:57
944a9481-d931-4769-8e1d-f5bf6dc9d62a,gravid.gallery,available,28.99,28.99,medium,low,6,namesilo,,,16/08/2026 22:11
11b2d8a8-b9ff-462c-9cee-4ce4f6a57f85,foundling.gallery,available,28.99,28.99,medium,low,9,namesilo,,,16/09/2026 13:56
f6ffb275-dafb-43b6-bbc4-8a75c6404930,bewitched.gallery,available,28.99,28.99,medium,low,9,namesilo,,,09/08/2026 18:17
a5afab61-50c5-46d6-ae48-afd20f94867a,cerebral.gallery,available,28.99,28.99,high,low,8,namesilo,,,12/08/2026 00:30
6cc2915b-9785-40e0-b520-09ef13168795,inevitably.gallery,available,28.99,28.99,medium,low,10,namesilo,,,15/09/2026 08:09
c33fe743-a004-4f9a-9c82-cd89fcd07b32,strung.gallery,available,28.99,28.99,medium,low,6,namesilo,,,10/09/2026 22:54
df0ccc98-8188-4829-92ae-9c0eb4b8635c,bosky.gallery,available,29.98,36.98,medium,low,5,namecheap,,,10/08/2026 20:17
94807122-baa8-475f-9f50-afa5848b79eb,twin.gallery,available,28.99,28.99,high,low,4,namesilo,,,
103441e6-41a3-4837-8566-462fb32516a8,yearling.gallery,available,28.99,28.99,high,low,8,namesilo,,,22/09/2026 00:38
cd21b45c-bc62-47fc-bfa1-8f4b183d68a3,complainer.gallery,available,28.99,28.99,medium,low,10,namesilo,,,23/09/2026 06:45
3f842278-5874-4b84-b953-6060ef29a5ed,furious.gallery,available,28.99,28.99,high,low,7,namesilo,,,
79d73d25-2e37-480d-a1da-bed38e275557,maturity.gallery,available,28.99,28.99,high,low,8,namesilo,,,17/09/2026 10:27
72f7dd29-6a26-4fe7-9996-4c921cdddbef,spastic.gallery,available,28.99,28.99,medium,low,7,namesilo,,,13/08/2026 00:06
949dc947-f703-4cc1-ac03-97cdc9021f63,bittie.gallery,available,28.99,28.99,medium,low,6,namesilo,,,10/08/2026 07:56
26d9a5d2-cc60-434f-ae18-d418be9fcbec,easily.gallery,available,28.99,28.99,high,low,6,namesilo,,,24/09/2026 13:14
69eaeadf-8f08-4105-860c-3ef454b6f02c,flak.gallery,available,28.99,28.99,medium,low,4,namesilo,,,
b8a67327-2cdc-4165-81b6-63750388d2d5,laws.gallery,available,28.99,28.99,high,low,4,namesilo,,,
0497ca73-09b8-43a3-88ce-2964ceadabbd,foamy.gallery,available,28.99,28.99,high,low,5,namesilo,,,11/08/2026 07:20
62365d1d-23a3-4eec-9ec9-6bd4bce56d79,berra.gallery,available,28.99,28.99,medium,low,5,namesilo,,,23/09/2026 10:04
375a690b-47dc-4da3-b9e7-099446bd2ff3,substrates.gallery,available,29.98,36.98,medium,low,10,namecheap,,,25/09/2026 21:45
75408ad7-a79e-4a85-8f76-0f3e0368a89c,campaigner.gallery,available,28.99,28.99,high,low,10,namesilo,,,
90d36b1b-1ccd-49df-9077-42aaa20e2f1d,saler.gallery,available,28.99,28.99,medium,low,5,namesilo,,,
5e67858d-3477-492d-842e-06efa7586c34,ernst.gallery,available,28.99,28.99,high,low,5,namesilo,,,25/09/2026 05:39
e8847997-1fe3-4e80-82e1-59917e2c21e2,redeemable.gallery,available,29.98,36.98,high,low,10,namecheap,,,11/08/2026 20:14
2a8d08da-aea7-4192-9046-1cea4fa00234,illogical.gallery,available,28.99,28.99,medium,low,9,namesilo,,,14/08/2026 11:22
6af2b2b5-7c36-49a5-8729-7e5e6c15b75b,humanoid.gallery,available,28.99,28.99,high,medium,8,namesilo,,,19/09/2026 04:56
51b99c86-8952-452b-bad0-a1b453896810,queenly.gallery,available,28.99,28.99,high,low,7,namesilo,,,09/09/2026 07:52
74457cf0-c0a9-4dc4-bf91-4be826898415,stepwise.gallery,available,28.99,28.99,high,low,8,namesilo,,,10/08/2026 07:12
02511153-5b7d-485a-a991-ae46cf04b83d,fetal.gallery,available,28.99,28.99,high,low,5,namesilo,,,18/08/2026 02:16
68e78bbb-5a8d-4977-a8be-56e3076bd0ef,channels.gallery,available,28.99,28.99,high,low,8,namesilo,,,
fe76c8f7-9c1e-44be-bb98-71750ee57abd,neoliberal.gallery,available,28.99,28.99,high,low,10,namesilo,,,03/09/2026 15:23
7c69618f-00d0-497d-b591-fe8e19c0bfc8,strength.gallery,available,28.99,28.99,high,low,8,namesilo,,,19/09/2026 17:18
0d8ae87b-ac8e-443f-b1c8-9729b1992066,futuristic.gallery,available,29.98,36.98,high,low,10,namecheap,,,18/08/2026 19:17
3c7bf56f-fa82-446f-887b-6e13049a1b91,beecher.gallery,available,28.99,28.99,medium,low,7,namesilo,,,23/09/2026 00:12
48aaa38f-d4bb-4221-bfde-5c29ca082a70,contractor.gallery,available,28.99,28.99,high,low,10,namesilo,,,24/09/2026 17:45
5ccc4228-9123-4d5b-917a-fa5eec3c070a,impure.gallery,available,28.99,28.99,medium,low,6,namesilo,,,21/08/2026 23:30
876c975c-0472-4e8e-9247-0d8a825cb401,ways.gallery,available,28.99,28.99,high,low,4,namesilo,,,
3d83857d-de0d-4efc-ad50-308318449f6a,baltimore.gallery,available,28.99,28.99,high,low,9,namesilo,,,22/09/2026 00:19
1d1dec46-0f3f-4929-8d1e-4f0573a95c2b,batis.gallery,available,28.99,28.99,medium,low,5,namesilo,,,22/09/2026 14:03
2f62f860-25cc-42c1-8483-619974242f12,ribbons.gallery,available,29.98,36.98,medium,low,7,namecheap,,,20/09/2026 07:05
1e597791-a2be-4550-a539-441318c85f61,biotic.gallery,available,28.99,28.99,high,low,6,namesilo,,,10/08/2026 03:14
5c9cd4ae-6d17-4175-864e-b2b62e37655d,unaltered.gallery,available,28.99,28.99,high,low,9,namesilo,,,12/09/2026 00:30
a708df27-652f-48f8-877c-870347e39987,carmine.gallery,available,28.99,28.99,high,low,7,namesilo,,,10/08/2026 15:02
22ea73ea-efe8-4915-b979-74a63ec174eb,wandering.gallery,available,29.98,36.98,high,low,9,namecheap,,,25/09/2026 21:06
b21486da-295a-4d76-8087-da8080e84d0b,regionally.gallery,available,28.99,28.99,medium,low,10,namesilo,,,15/09/2026 22:57
ec22f67d-3f27-4101-8ce1-f3836f48a944,argot.gallery,available,28.99,28.99,medium,low,5,namesilo,,,13/09/2026 04:14
2c870f12-8598-48d8-a1c5-e4d46491f261,jury.gallery,available,28.99,28.99,high,low,4,namesilo,,,25/09/2026 08:06
c7c18f13-7b4d-42bf-bb08-dd247b463f0c,differed.gallery,available,29.98,36.98,medium,low,8,namecheap,,,20/09/2026 05:03
2139356f-397a-47d7-82b7-6672b5a55d5f,audacious.gallery,available,29.98,36.98,high,low,9,namecheap,,,22/09/2026 12:06
dbaecae0-acb3-497d-a5fa-90e6e7c79897,neaten.gallery,available,28.99,28.99,medium,low,6,namesilo,,,11/09/2026 15:42
171dff05-1d23-4b3b-abe8-73cb307bf605,extended.gallery,available,29.98,36.98,high,low,8,namecheap,,,14/08/2026 18:31
7415c011-6a38-4b78-874e-033f562acef2,abundant.gallery,available,28.99,28.99,high,low,8,namesilo,,,21/09/2026 15:18
d3718d1c-495c-43f9-b882-d72796aaa23a,xxxvii.gallery,available,28.99,28.99,medium,low,6,namesilo,,,
fb2c5141-047e-4bec-ac9e-9e214de364f5,guests.gallery,available,28.99,28.99,high,low,6,namesilo,,,25/09/2026 17:02
e0e864c5-37aa-403b-b91a-a7887b6c64e3,dumbstruck.gallery,available,29.98,36.98,medium,low,10,namecheap,,,14/08/2026 21:06
c621ff38-54b5-4964-9f9a-a8c6025136f0,venomous.gallery,available,28.99,28.99,medium,low,8,namesilo,,,13/09/2026 02:08
7dc9a6dd-e156-43ba-9347-0aaeca6caeb6,reptilian.gallery,available,28.99,28.99,high,low,9,namesilo,,,09/09/2026 14:40
04ae8916-a5df-4b59-b131-1fed7ce68886,bike.gallery,premium,78.54,78.54,high,low,4,namesilo,,,08/09/2026 12:23
d70d87fe-99db-4a33-804f-b513df265ab4,snapped.gallery,available,28.99,28.99,high,low,7,namesilo,,,18/09/2026 06:52
7f5644ff-e0e1-4261-82d8-5f3284928082,slovakian.gallery,resell,,,high,low,9,"GoDaddy.com, LLC",10/03/2026 07:25,10/03/2027 07:25,10/09/2026 11:16
8ceb7171-c5e9-4b11-88d6-c7898fc00c1c,kvetch.gallery,available,28.99,28.99,medium,low,6,namesilo,,,08/09/2026 20:36
f94b6f7a-f8db-4daf-9e57-95ac7cbf227d,confess.gallery,available,28.99,28.99,high,low,7,namesilo,,,
740dca63-dd28-4214-9a9a-6807e454be80,aboulia.gallery,available,28.99,28.99,medium,low,7,namesilo,,,16/09/2026 16:42
3d48516a-f551-4aa7-af28-74e66f1fba05,whacked.gallery,available,28.99,28.99,medium,low,7,namesilo,,,13/09/2026 11:08
3484dfe9-9d21-4601-95be-f3a81ab6d016,sinewy.gallery,available,28.99,28.99,medium,low,6,namesilo,,,11/08/2026 02:52
0c5d0422-72b5-4871-863b-e8d51ee8aad4,superuser.gallery,available,28.99,28.99,high,low,9,namesilo,,,
a8893762-5bc3-4f67-a1fb-579a834fc47f,optative.gallery,available,28.99,28.99,medium,low,8,namesilo,,,04/09/2026 16:54
38a1f94e-95a6-4148-bc6c-21e8d4305aa5,pigheaded.gallery,available,28.99,28.99,medium,low,9,namesilo,,,11/08/2026 08:32
74d92f68-a369-4561-9590-08f339fa5ca1,bawl.gallery,available,28.99,28.99,high,low,4,namesilo,,,23/09/2026 06:25
7c14d9c3-7a04-4d8f-b5de-55f7df46e0ec,idle.gallery,available,28.99,28.99,high,low,4,namesilo,,,08/08/2026 21:52
bd007eb2-378a-4927-8621-7b0ef7fec6d2,tyler.gallery,available,28.99,28.99,high,medium,5,namesilo,,,25/09/2026 08:02
218d2812-7812-4ebd-a0c3-28a370556039,tunica.gallery,available,28.99,28.99,medium,low,6,namesilo,,,17/09/2026 10:35
147d840e-032f-43b0-9992-453cd7c61f77,bendable.gallery,available,28.99,28.99,medium,low,8,namesilo,,,09/08/2026 14:07
2c1cac9d-2312-48a2-9241-35e07d5351e0,earthling.gallery,available,28.99,28.99,high,low,9,namesilo,,,11/09/2026 10:43
73236036-128a-4760-8e9f-5b8d41bc1e58,pour.gallery,available,28.99,28.99,high,low,4,namesilo,,,
31e36890-48c0-4a01-aa09-48ac57b7eeab,theropod.gallery,available,29.98,36.98,medium,low,8,namecheap,,,23/09/2026 19:39
1c9dd10b-661a-40f8-8cb1-003d3b18e6c5,bold.gallery,available,28.99,28.99,high,medium,4,namesilo,,,22/09/2026 23:09
87710931-d934-4b7f-8a04-f8cbc99e115e,dispersive.gallery,available,28.99,28.99,medium,low,10,namesilo,,,14/08/2026 07:12
70d8e89c-3502-47d8-b2de-801094b5f5e8,glassless.gallery,available,28.99,28.99,medium,low,9,namesilo,,,20/08/2026 14:11
111e592d-5b6c-476d-8661-1fc68d80bf3f,windsock.gallery,available,29.98,36.98,medium,low,8,namecheap,,,17/09/2026 21:40
d025bf9f-f2f5-45ae-8d03-86a813398bda,grumbler.gallery,available,29.98,36.98,medium,low,8,namecheap,,,23/09/2026 06:49
1443a441-52c1-4d94-ba9b-41644edfb9f0,hipaa.gallery,available,28.99,28.99,high,low,5,namesilo,,,
48bbd02a-cd1b-447a-8f10-993a7db7ff48,bartender.gallery,available,28.99,28.99,high,low,9,namesilo,,,22/09/2026 06:18
c4de1c60-4ad6-43df-9b29-524f8426a5fe,foley.gallery,available,28.99,28.99,high,low,5,namesilo,,,25/09/2026 21:40
9a0862fb-e3b3-48af-9927-85f440b7f344,diclinous.gallery,available,28.99,28.99,low,low,9,namesilo,,,14/08/2026 06:34
900d8ba4-1edc-4d3d-a8c6-7e0050c00d87,scooped.gallery,available,28.99,28.99,medium,low,7,namesilo,,,17/09/2026 23:31
dcd75490-4c2b-4e82-a1d5-3cf109fe9b9f,cloistered.gallery,available,28.99,28.99,medium,low,10,namesilo,,,12/08/2026 11:48
98703e02-e912-4756-8f86-fca144e5b443,aperea.gallery,available,28.99,28.99,medium,low,6,namesilo,,,19/09/2026 16:31
18ccffd1-ee1f-4928-b9c8-6588c1e73b9b,bandicoot.gallery,available,29.98,36.98,high,low,9,namecheap,,,22/09/2026 01:13
99500e39-c4d3-4a0e-845b-0b98fb6e1ee5,curtis.gallery,available,29.98,36.98,high,low,6,namecheap,,,25/09/2026 04:28
86eca1b4-d533-480d-ba40-1a097d360ae1,pochard.gallery,available,28.99,28.99,high,low,7,namesilo,,,21/09/2026 10:48
188dc981-a010-4d06-8604-d4209345cfe6,falls.gallery,available,28.99,28.99,high,low,5,namesilo,,,
2ce29b34-aa05-492c-84b8-0182d5322031,bellyful.gallery,available,28.99,28.99,high,low,8,namesilo,,,23/09/2026 06:51
2dbff245-4b92-4a32-ae97-42edee28e8cb,backs.gallery,available,28.99,28.99,medium,low,5,namesilo,,,18/09/2026 06:41
af53a994-6ca6-41a1-ae37-e93db8c36e44,smartest.gallery,available,29.98,36.98,high,low,8,namecheap,,,20/09/2026 22:26
50ed407e-1f6e-43d0-ab40-6c6e69d38719,horseman.gallery,available,28.99,28.99,high,low,8,namesilo,,,17/08/2026 11:44
05b7cff9-8f36-43a3-9ad8-fa6349745fbd,cantabile.gallery,available,28.99,28.99,high,low,9,namesilo,,,11/08/2026 17:38
b3f3d869-c0bc-4f01-9b7c-bffb83e396e6,yes.gallery,premium,78.54,78.54,high,medium,3,namesilo,,,
1035d034-fabf-4042-889b-9658554e4213,slithery.gallery,available,28.99,28.99,medium,low,8,namesilo,,,10/09/2026 11:09
637eca64-4ada-4c59-8dd5-929e449cd91f,witting.gallery,available,28.99,28.99,medium,low,7,namesilo,,,12/08/2026 22:24
3cceda77-41d8-4834-9a98-c7af3f62e305,francisca.gallery,available,36.98,,high,low,9,namecheap,,,
f27ffabb-0646-4f0d-b7b2-2ae968263466,super.gallery,premium,242,242,high,medium,5,namesilo,,,
45a6556f-ac88-4b77-a2be-0ee81176954b,westminster.gallery,available,28.99,28.99,high,low,11,namesilo,,,
570693bc-b8ca-4e66-bb2f-d7244f17b936,aphorist.gallery,available,29.98,36.98,medium,low,8,namecheap,,,19/09/2026 17:11
81500ff5-0193-4e87-b0ad-5ca16ac1d73a,dishwasher.gallery,available,28.99,28.99,high,low,10,namesilo,,,
33d8bbba-4462-4cc6-963f-d0c811c79a85,liberties.gallery,available,29.98,36.98,medium,low,9,namecheap,,,18/09/2026 04:52
fd237e75-6531-4471-8ccb-376698709d7b,astringent.gallery,available,28.99,28.99,medium,low,10,namesilo,,,
08227c2e-ee83-45ad-996c-653dad84c5c8,boxy.gallery,available,28.99,28.99,high,low,4,namesilo,,,10/08/2026 23:58
1529f944-b642-48fe-ac62-822cb46f7714,years.gallery,available,36.98,,high,low,5,namecheap,,,
ad84a869-1768-4908-9832-674f3c7d29da,paraplegic.gallery,available,28.99,28.99,medium,low,10,namesilo,,,08/09/2026 01:10
53ec8647-33f5-4b38-8828-f6d92e265aa6,essay.gallery,available,28.99,28.99,high,low,5,namesilo,,,21/09/2026 01:17
e32348e7-c2bc-42eb-bc45-28db7556dc81,viii.gallery,available,28.99,28.99,high,low,4,namesilo,,,
4ed264d3-08a7-4ee9-90af-069fd5401fa8,leia.gallery,available,28.99,28.99,high,low,4,namesilo,,,
d8f64c7c-7e1c-4b97-8b8e-de8ed914f1b9,famous.gallery,available,28.99,28.99,high,low,6,namesilo,,,23/09/2026 13:15
e3e9be8b-9944-4e92-a80e-42602964146b,snore.gallery,available,28.99,28.99,high,low,5,namesilo,,,
24220d38-ce17-49e0-8c0b-c2b4eb92ba51,nitrous.gallery,available,28.99,28.99,high,low,7,namesilo,,,08/08/2026 03:03
040d9c51-f10e-4c49-a94b-94659cfcdabd,neoplastic.gallery,available,28.99,28.99,medium,low,10,namesilo,,,03/09/2026 15:29
a4576a38-8f53-4327-b335-5d2119cccbff,soothing.gallery,available,28.99,28.99,high,low,8,namesilo,,,07/08/2026 07:40
08527b2f-00d5-4ede-88b8-fe876861ce87,spotted.gallery,available,28.99,28.99,high,low,7,namesilo,,,10/09/2026 16:39
8825baaf-1bc5-427c-bfa4-3181058203d7,expressly.gallery,available,28.99,28.99,high,low,9,namesilo,,,14/09/2026 17:09
7ea0dcbc-1b87-4c4c-ac13-5c7b63d935c1,popular.gallery,available,28.99,28.99,high,low,7,namesilo,,,
fc9dbfe6-01d4-498a-8d76-f015e108afea,capricorn.gallery,available,28.99,28.99,high,low,9,namesilo,,,24/09/2026 12:40
ee87636a-2172-4247-b11f-19bcf9dcb026,reflective.gallery,available,28.99,28.99,high,low,10,namesilo,,,11/08/2026 06:03
68aa1bf4-c590-4509-810e-657a5466c124,antecedent.gallery,available,28.99,28.99,high,low,10,namesilo,,,
48fc1cea-4158-4fcd-8bd3-f7ffc650f637,bud.gallery,premium,78.54,78.54,high,low,3,namesilo,,,24/09/2026 08:30
f1d8fe41-aa1b-42b8-a492-84d08b23ca4b,measuring.gallery,available,36.98,,high,low,9,namecheap,,,
c7cb2c35-bd9a-473d-8bd4-caa0aa0c66a1,frozen.gallery,available,29.98,36.98,high,low,6,namecheap,,,24/09/2026 19:29
fb298146-5193-43ea-bd40-e877bbae528a,lebanese.gallery,available,28.99,28.99,high,low,8,namesilo,,,22/08/2026 22:15
6b7de07e-6270-457a-9fc4-30ece1db5da3,words.gallery,available,29.98,36.98,high,low,5,namecheap,,,25/09/2026 15:51
6843db02-a216-4896-9eaf-816dd8641e17,bistre.gallery,available,28.99,28.99,medium,low,6,namesilo,,,23/09/2026 22:12
cd1d7b8a-4e2e-4894-845e-983de2a5bead,baedeker.gallery,available,28.99,28.99,medium,low,8,namesilo,,,21/09/2026 17:22
fb23a677-efc7-4385-9300-8e3acc95a812,braggart.gallery,available,28.99,28.99,medium,low,8,namesilo,,,11/08/2026 01:16
3e1901ff-56bb-4852-93af-30c0de99e29e,notifies.gallery,available,28.99,28.99,medium,low,8,namesilo,,,18/09/2026 08:35
7ceec6c0-c0d6-4b3b-9fa4-9d3674f5d27f,bravely.gallery,available,28.99,28.99,high,low,7,namesilo,,,14/09/2026 01:22
8ac9fdf5-e868-428a-9116-fa73b6e29395,revolt.gallery,available,28.99,28.99,high,low,6,namesilo,,,
faf13eec-5944-4d4a-981d-fa5b98189320,alongside.gallery,available,29.98,36.98,high,low,9,namecheap,,,13/09/2026 19:12
81daf91f-ac8a-4eef-906a-c5aa84b598e7,conversely.gallery,available,28.99,28.99,medium,low,10,namesilo,,,14/09/2026 08:37
d0157b4a-e4fd-445f-80b2-8260b0c7faee,clearly.gallery,available,28.99,28.99,high,low,7,namesilo,,,
39d87644-fda3-4592-9bd9-25dd601619c5,evidenced.gallery,available,28.99,28.99,high,low,9,namesilo,,,17/08/2026 15:00
52c946d4-c1b4-49fc-9062-d3ac3d60703f,modeled.gallery,available,28.99,28.99,high,low,7,namesilo,,,25/08/2026 02:51
3704893f-e31f-48ae-bca0-603e58d9f014,retraction.gallery,available,41.99,41.99,high,low,10,name.com,,,16/09/2026 15:59
e3b7cb4a-49e7-4162-b0c0-686262b6b585,unreadable.gallery,available,28.99,28.99,medium,low,10,namesilo,,,22/08/2026 02:25
757163d5-cb12-4ec4-9ba6-cf604626dc64,linearly.gallery,available,28.99,28.99,medium,low,8,namesilo,,,15/09/2026 12:25
e21fe1d8-2c1a-4cd7-a14c-44dc870e57df,animator.gallery,available,28.99,28.99,high,low,8,namesilo,,,19/09/2026 09:13
ad82ef7f-7d86-40d8-88c9-fdb499d04b25,peaty.gallery,available,28.99,28.99,medium,low,5,namesilo,,,08/09/2026 11:28
80d10d70-0a44-42a6-8423-b6b06fb003ef,backed.gallery,available,28.99,28.99,high,low,6,namesilo,,,08/08/2026 05:33
45e8e8cd-9bf3-475f-95a5-e5e39d293752,protection.gallery,premium,118.8,118.8,high,low,10,namesilo,,,19/09/2026 09:47
341be39b-ac8c-45e7-942b-9b96e8d75eaf,someplace.gallery,available,28.99,28.99,high,low,9,namesilo,,,16/09/2026 04:51
0a914b0d-d28f-410c-ba7f-03ed022628a8,wakeful.gallery,available,28.99,28.99,medium,low,7,namesilo,,,04/09/2026 16:03
98569e98-9c26-44d6-bfc6-f5f92d36d5bd,bannock.gallery,available,28.99,28.99,medium,low,7,namesilo,,,22/09/2026 02:55
cc98fd7b-19de-4720-824b-9871554f85e3,lxv.gallery,available,28.99,28.99,medium,low,3,namesilo,,,
be88d917-1150-4d3d-b031-d455badbebe9,eastern.gallery,available,28.99,28.99,high,low,7,namesilo,,,24/09/2026 13:10
88c96928-4b7c-49df-8fae-3f2fdf02ab98,hayseed.gallery,available,28.99,28.99,medium,low,7,namesilo,,,21/08/2026 08:05
655d075e-4031-4088-a2f9-feff2c93ad4b,tangy.gallery,available,28.99,28.99,high,low,5,namesilo,,,22/08/2026 23:32
c073e6ac-a736-4bfc-a808-e785c725d2e4,suggest.gallery,available,28.99,28.99,high,low,7,namesilo,,,
b62ad2f2-a37e-421b-923c-44b61a4c7c4c,belly.gallery,available,29.98,36.98,high,low,5,namecheap,,,16/09/2026 14:48
afccd591-b9d4-461c-aa91-d412ac1c1e54,bioscope.gallery,available,29.98,36.98,medium,low,8,namecheap,,,23/09/2026 19:01
de10b9a4-a7e3-4bc0-bb7f-111cc98598ce,limber.gallery,available,28.99,28.99,high,low,6,namesilo,,,23/08/2026 11:08
0c052f0c-e768-4e09-b99d-2f79ab0e745a,hallux.gallery,available,28.99,28.99,medium,low,6,namesilo,,,23/09/2026 14:56
f3cb37de-dac2-48ba-8919-f2962145cc89,cannot.gallery,available,28.99,28.99,high,low,6,namesilo,,,
436975a8-4fd4-4d95-a86a-d4221f604dde,carrie.gallery,available,28.99,28.99,high,low,6,namesilo,,,
d001f08c-5375-4366-810b-13f1e22334f7,arcane.gallery,available,,,high,low,6,,,,
4610a20e-d94c-4496-b731-d917a2dbb55a,arboretum.gallery,available,28.99,28.99,medium,low,9,namesilo,,,20/09/2026 00:49
8d31663d-0c69-489b-b8e8-283d1c1f8dca,expressive.gallery,available,29.98,36.98,high,low,10,namecheap,,,17/08/2026 18:50
5c534b74-8c83-4c35-956b-3ab44c15a95a,retarded.gallery,available,36.98,,medium,low,8,namecheap,,,
fa260f19-d209-4e66-b9b2-b8c4dfc2d346,anguine.gallery,available,28.99,28.99,medium,low,7,namesilo,,,
7236d5aa-7c99-4159-92a9-ed99e12357e0,briefcase.gallery,available,36.98,,high,low,9,namecheap,,,
5fdf1b9c-579b-45da-b07c-a8fba3b79d73,iliac.gallery,available,28.99,28.99,medium,low,5,namesilo,,,21/08/2026 18:45
2a8641a4-5c92-4472-bfac-ea4d13ac36ac,edited.gallery,available,28.99,28.99,high,low,6,namesilo,,,15/08/2026 11:05
7850999d-90f2-4ffa-96f3-efa8ef3c2457,running.gallery,premium,118.8,118.8,high,low,7,namesilo,,,
31dcfbc1-565c-4ef1-8e90-e0879e28a51e,responsible.gallery,available,29.98,36.98,high,low,11,namecheap,,,25/09/2026 11:15
fd5a081b-c528-4218-830a-ae305071a0dd,arabic.gallery,available,28.99,28.99,high,low,6,namesilo,,,22/09/2026 07:33
14b7cf7c-d740-442a-9de2-3488b76d27e3,guards.gallery,available,28.99,28.99,high,low,6,namesilo,,,
5cbbaebf-3285-49d1-83f4-34b46c3152e5,upmost.gallery,available,29.98,36.98,medium,low,6,namecheap,,,11/09/2026 17:50
d69a32d0-63e4-461b-be06-ba4306462ca9,bier.gallery,available,28.99,28.99,medium,low,4,namesilo,,,23/09/2026 13:47
12e0e5bc-cadc-495a-919e-d394559359af,beanstalk.gallery,available,28.99,28.99,high,low,9,namesilo,,,22/09/2026 20:43
ffe6ca5d-61f5-4f18-aecd-2acd5d7f4c75,deliberate.gallery,available,28.99,28.99,high,low,10,namesilo,,,11/08/2026 13:56
2ebb4cd6-9a02-433e-82ab-5f890cf62291,attenuator.gallery,available,28.99,28.99,medium,low,10,namesilo,,,21/09/2026 01:34
ab6745f4-865d-476c-9d61-3f338a1487ef,parliamentary.gallery,available,28.99,28.99,medium,low,13,namesilo,,,
c6cb39be-3ea5-4566-aa5f-2d15b75b0708,nurtural.gallery,available,28.99,28.99,medium,low,8,namesilo,,,03/09/2026 23:07
4512adc6-c6a0-46ec-96eb-eaf38dc5a807,astronomic.gallery,available,28.99,28.99,medium,low,10,namesilo,,,07/08/2026 10:10
9c1e613d-1e56-4130-a024-174f9eb7c3dc,amoxil.gallery,available,28.99,28.99,medium,low,6,namesilo,,,18/09/2026 22:54
b28165ff-609d-42a1-8f90-d489b65a9c36,prewar.gallery,available,28.99,28.99,medium,low,6,namesilo,,,09/09/2026 01:51
d5fe8b4f-b0c5-49b8-9b8c-642df02e2b41,deprave.gallery,available,28.99,28.99,medium,low,7,namesilo,,,13/08/2026 02:24
930aa3a4-4b23-4d63-ba28-8fbef7f66448,apples.gallery,available,28.99,28.99,high,low,6,namesilo,,,18/09/2026 14:01
cb41add8-e66e-4ce8-944a-55e805024670,inutile.gallery,available,28.99,28.99,medium,low,7,namesilo,,,22/08/2026 08:54
f1bbdf05-1512-4ba4-9156-eec639994275,anklet.gallery,available,28.99,28.99,high,low,6,namesilo,,,19/09/2026 09:41
1b8a6c7d-ca58-401a-aff4-8b65482727ea,pacifist.gallery,available,28.99,28.99,high,low,8,namesilo,,,04/09/2026 22:35
68e1184b-c3d6-464d-be5c-865b6aa6aede,ardour.gallery,available,28.99,28.99,high,low,6,namesilo,,,20/09/2026 03:15
38b50765-ab40-440d-920d-93261fcca24f,pectoral.gallery,available,28.99,28.99,high,low,8,namesilo,,,08/09/2026 11:58
41d4f26b-c4aa-4ccc-b61b-0ad803378db1,withdraw.gallery,available,29.98,36.98,high,low,8,namecheap,,,24/09/2026 19:10
572062f2-9f8c-44e0-bb04-c3c2e128fe94,unguarded.gallery,available,28.99,28.99,medium,low,9,namesilo,,,12/09/2026 11:39
ba358562-d661-4816-97fe-b8e6febffeb9,grade.gallery,available,28.99,28.99,high,low,5,namesilo,,,23/08/2026 00:34
eb4b57f0-5d9f-4935-b5db-d0cfed1d747b,gym.gallery,premium,123.75,,high,low,3,name.com,,,
84cb4c07-f448-490f-ad92-f3c2b98dcab2,proved.gallery,available,28.99,28.99,high,low,6,namesilo,,,
99292141-a849-40f8-8822-e4fe602d7fff,law.gallery,premium,85.8,85.8,high,medium,3,namecheap,,,
bd994728-70c7-4c8b-a110-ade462bfce75,holding.gallery,available,28.99,28.99,high,low,7,namesilo,,,
e169ae86-0f2b-4454-b8dd-b68d5b86c7fc,oversexed.gallery,available,28.99,28.99,medium,low,9,namesilo,,,21/08/2026 09:17
d887b434-44e0-4723-ad7b-e24610d8403c,cowpens.gallery,available,28.99,28.99,medium,low,7,namesilo,,,22/09/2026 14:56
cc27dfb4-dafb-426d-b3fc-da3085471796,laptops.gallery,available,28.99,28.99,medium,low,7,namesilo,,,20/09/2026 12:33
3961e7d1-9deb-455a-9c6c-8db74329b662,wristband.gallery,available,29.98,36.98,high,low,9,namecheap,,,24/09/2026 07:49
0157f1db-a12d-48c7-985e-07c991dc774f,knowable.gallery,available,28.99,28.99,medium,low,8,namesilo,,,12/08/2026 15:50
c6109735-08b7-40af-a6fa-0294febc820d,springy.gallery,available,28.99,28.99,high,low,7,namesilo,,,10/08/2026 21:49
4544cb21-d567-4df0-8fa7-287e435e5fb0,grooved.gallery,available,28.99,28.99,high,low,7,namesilo,,,20/08/2026 20:17
a52ae431-a750-4788-b6f5-e0fb5a937156,esthetics.gallery,available,29.98,36.98,high,low,9,namecheap,,,17/09/2026 13:38
49915822-cb96-4683-8da1-85d6f2ae33a2,bodies.gallery,available,41.99,41.99,medium,low,6,name.com,,,25/09/2026 16:46
7d3777c6-127a-44d8-b500-0d41a502001e,trusted.gallery,available,28.99,28.99,high,low,7,namesilo,,,11/09/2026 20:44
1d2deeb5-088c-4490-a115-d7799c2b75bc,sensational.gallery,available,28.99,28.99,high,low,11,namesilo,,,
acb10570-3d6c-4e44-92b1-627fc4565c89,elvis.gallery,available,28.99,28.99,high,low,5,namesilo,,,
6f8fbc8e-49f7-4f1f-99ea-a9c5d0447263,maps.gallery,available,28.99,28.99,high,low,4,namesilo,,,
ab903972-32fb-48e6-95b6-b9f892da3e6c,hidebound.gallery,available,28.99,28.99,medium,low,9,namesilo,,,21/08/2026 08:11
feb12e2f-53f3-4c32-9b8b-49909a5c1587,haploid.gallery,available,28.99,28.99,medium,low,7,namesilo,,,20/08/2026 23:55
0f72a851-0d0a-420f-9dce-28dcfb4acf32,motivating.gallery,available,28.99,28.99,high,low,10,namesilo,,,25/08/2026 07:36
470250fa-2079-41f2-837d-19031a1d1db2,nonesuch.gallery,available,29.98,36.98,medium,low,8,namecheap,,,03/09/2026 20:13
1847ef2a-1bea-4104-99fe-6824fc1bf199,wagons.gallery,available,29.98,36.98,medium,low,6,namecheap,,,19/09/2026 20:22
a9091ec0-e2d9-4d5e-9ff2-6b97000b293e,testily.gallery,available,28.99,28.99,low,low,7,namesilo,,,15/09/2026 09:30
ca5de373-470f-4f65-ba63-eac45d689594,ticket.gallery,available,29.98,36.98,high,low,6,namecheap,,,24/09/2026 18:18
682b9e98-c3b3-434e-9f65-e5b0c8693252,foggy.gallery,available,28.99,28.99,medium,low,5,namesilo,,,10/08/2026 16:21
71d27aa3-5fbf-4b42-939f-047903d2dd88,tender.gallery,available,28.99,28.99,high,low,6,namesilo,,,21/09/2026 21:47
0af6a5a8-7922-4d73-b768-715e21e10a24,solitary.gallery,available,28.99,28.99,high,low,8,namesilo,,,24/08/2026 08:55
9379e680-613e-449d-9488-b40c529664e1,virtuoso.gallery,available,28.99,28.99,high,low,8,namesilo,,,21/09/2026 17:38
3d616c84-7871-40e3-a13e-3cb6bcabc2bf,impact.gallery,available,,,high,high,6,,,,
e35a773d-09ec-467c-9bdf-1419b4de3780,ivry.gallery,available,29.98,36.98,medium,low,4,namecheap,,,22/09/2026 15:16
3f3011fc-10b7-43a8-999a-64a675d227d4,dependant.gallery,available,28.99,28.99,medium,low,9,namesilo,,,14/08/2026 02:08
37dedffa-b495-47c9-a7ff-51eee76d197a,jumbo.gallery,available,28.99,28.99,high,low,5,namesilo,,,16/08/2026 03:34
2769a4ce-3597-43f4-9880-108b33f4c284,laboratory.gallery,available,28.99,28.99,high,low,10,namesilo,,,24/09/2026 03:29
61e605da-70c0-48a6-96ca-bcd9842b5562,practicing.gallery,available,28.99,28.99,high,low,10,namesilo,,,
d6edb78d-7f36-4661-b97d-8b1af7d0b78e,mabel.gallery,available,29.98,36.98,high,low,5,namecheap,,,25/09/2026 13:35
7095fcd3-e98a-456f-bd4e-eccc146c35fe,sweetened.gallery,available,28.99,28.99,high,low,9,namesilo,,,11/09/2026 01:18
a93e77e5-a7b6-4d4d-aaf8-0a0ae87fbe0c,absently.gallery,available,28.99,28.99,medium,low,8,namesilo,,,13/09/2026 16:41
5edba4f9-207e-4bfe-ad40-dd52522eac77,exulting.gallery,available,29.98,36.98,high,low,8,namecheap,,,17/08/2026 19:44
6ad45d7a-5dd9-4b13-a216-3d02d1fc318d,jaundice.gallery,available,28.99,28.99,medium,low,8,namesilo,,,17/09/2026 03:10
d65c9cd6-38d4-451e-b54a-465bd8cb37e8,barbet.gallery,available,28.99,28.99,medium,low,6,namesilo,,,22/09/2026 04:53
6a42b60e-d93d-417c-bc50-26d5c7f6a522,confluent.gallery,available,29.98,36.98,high,low,9,namecheap,,,12/08/2026 21:07
757082d7-e8b0-48d0-abb7-071ed60f3230,idiopathic.gallery,available,29.98,36.98,medium,low,10,namecheap,,,21/08/2026 18:09
884bbcbc-dee2-4bd4-ac58-228ec3368eb2,monitor.gallery,available,28.99,28.99,high,low,7,namesilo,,,
26e01fe7-4956-4e9c-9332-92a7cab4a01c,tongue.gallery,available,36.98,,high,low,6,namecheap,,,
f362be30-4e76-4008-b1f4-212c40c7130a,rectal.gallery,available,28.99,28.99,medium,low,6,namesilo,,,09/09/2026 11:51
4e8ce2e3-7dfe-4cbf-90fc-f2c061158e54,insinuate.gallery,available,28.99,28.99,high,low,9,namesilo,,,22/08/2026 08:35
a6f9c8e0-25c1-4436-9212-6e02cea832ff,idempotent.gallery,available,29.98,36.98,medium,low,10,namecheap,,,21/08/2026 18:03
3990d602-83f8-4e67-afde-7dec2545970d,fascinated.gallery,available,28.99,28.99,high,low,10,namesilo,,,24/09/2026 17:12
0a22c6b5-ed14-4e6d-90e1-90536df29a92,storytellers.gallery,available,28.99,28.99,high,low,12,namesilo,,,20/09/2026 12:55
fd7c5ee5-9268-4b7f-9dff-31721fc625e5,teach.gallery,available,28.99,28.99,high,low,5,namesilo,,,24/09/2026 02:03
e5570f72-6aaf-46cc-b5af-83072e694b47,thiamin.gallery,available,41.99,41.99,high,low,7,name.com,,,19/09/2026 05:39
4798ae68-2f7c-4f4d-9339-ff43f8bf2c17,canonic.gallery,available,28.99,28.99,medium,low,7,namesilo,,,11/08/2026 17:22
1e601f15-e704-4acc-852c-2430baa11da7,crisis.gallery,available,29.98,36.98,high,low,6,namecheap,,,24/09/2026 19:30
a71fa4d6-e43d-4f4d-8398-faf4cb44c5e3,impersonal.gallery,available,28.99,28.99,medium,low,10,namesilo,,,21/08/2026 22:13
de40a6ef-e4ab-427b-8a5a-dfabcf075cb3,sweptwing.gallery,available,28.99,28.99,medium,low,9,namesilo,,,11/09/2026 05:46
ae08e083-4351-4a77-829e-841dcff96823,gibe.gallery,available,29.98,36.98,medium,low,4,namecheap,,,22/09/2026 04:17
728f6d38-879e-48d7-8232-22ef4895f857,reticulate.gallery,available,28.99,28.99,high,low,10,namesilo,,,09/09/2026 15:32
a9d57e38-7c8e-4c89-9854-f0c6ec277696,writhing.gallery,available,28.99,28.99,medium,low,8,namesilo,,,13/09/2026 13:45
90010d91-d1e6-4d31-b9c4-78ac964aac05,mum.gallery,premium,78.54,78.54,high,low,3,namesilo,,,25/09/2026 22:08
2f7ca039-5a92-4cc1-ba28-74070754d2cd,poky.gallery,available,28.99,28.99,medium,low,4,namesilo,,,14/08/2026 07:34
57d9f12f-eb21-47fc-878c-04f41ea6c5b2,hazard.gallery,available,28.99,28.99,medium,low,6,namesilo,,,
dac1fdfb-fd4e-4214-ad37-85d8b71d818e,marian.gallery,available,28.99,28.99,high,low,6,namesilo,,,24/08/2026 15:53
d4474a5d-9431-409c-8a1f-dd3a5997e0a1,nauseous.gallery,available,28.99,28.99,medium,low,8,namesilo,,,24/08/2026 08:24
8b499faf-d341-4f4a-9482-04f15cb9389a,twenty.gallery,available,28.99,28.99,high,low,6,namesilo,,,21/09/2026 12:24
9f9ba049-d715-4abc-9cf7-97b66a761ee3,nailed.gallery,available,28.99,28.99,medium,low,6,namesilo,,,18/09/2026 21:49
8599293b-b7bb-49a9-adcc-d83a931ff4e8,uncool.gallery,available,28.99,28.99,medium,low,6,namesilo,,,12/09/2026 06:11
ea6660aa-db0a-4898-b060-0c6f2c4ba0c7,cue.gallery,premium,82.5,,high,low,3,name.com,,,
c8dfe9d8-7dc6-4126-98c9-48aabd9ddd12,acousma.gallery,available,28.99,28.99,medium,low,7,namesilo,,,17/09/2026 02:29
a2321dec-4417-4be2-9aba-a371cf59ba76,zithromax.gallery,available,28.99,28.99,medium,low,9,namesilo,,,21/09/2026 11:16
d6400dc1-6e83-4ac6-9b88-2b1c4cf91296,ludicrous.gallery,available,28.99,28.99,medium,low,9,namesilo,,,14/08/2026 02:58
a98e5501-153a-4f50-a06e-ae9c6cf14a65,reacted.gallery,available,28.99,28.99,medium,low,7,namesilo,,,20/09/2026 00:48
2ef81d81-a8b1-42b3-ad62-83b9fae2dfe3,vile.gallery,available,28.99,28.99,medium,low,4,namesilo,,,14/08/2026 04:01
6ef147b5-197b-456e-8253-f15e6aaad726,swelled.gallery,available,28.99,28.99,medium,low,7,namesilo,,,11/09/2026 05:38
c9d6638c-556b-4a7a-a9e8-2b5a3c76bd23,nest.gallery,available,36.98,,high,medium,4,namecheap,,,
7c280a5d-ec2b-41c9-8f8f-792ea88838a3,craniate.gallery,available,28.99,28.99,medium,low,8,namesilo,,,13/09/2026 04:37
c1c75fed-e7d7-4ce1-9660-37c0e8750943,grandpa.gallery,available,36.98,,high,low,7,namecheap,,,
73386626-ebd8-4b40-9b30-f2b73d57356a,eggs.gallery,available,28.99,28.99,high,low,4,namesilo,,,
1797094f-256f-4980-839d-cdc7fc6aa30c,avidness.gallery,available,28.99,28.99,medium,low,8,namesilo,,,21/09/2026 09:29
a4939994-d4cf-4029-9737-9468fb3d9f8b,dualistic.gallery,available,28.99,28.99,medium,low,9,namesilo,,,14/08/2026 20:40
c3e986ab-3b76-4f08-b593-49f2560a1712,booze.gallery,available,28.99,28.99,high,low,5,namesilo,,,24/09/2026 07:21
a8b66a30-ad92-4835-a632-279642082fc4,allentown.gallery,available,29.98,36.98,high,low,9,namecheap,,,18/09/2026 10:52
56512a0c-b331-4e0f-8a77-1c0c596fa624,agricola.gallery,available,29.98,36.98,high,low,8,namecheap,,,17/09/2026 19:19
f87e382c-85a1-44b6-b4b0-9df4ff89fca3,might.gallery,available,36.98,,high,low,5,namecheap,,,
c8933e8b-47b6-4dac-baff-02d6fafe3f8f,anuria.gallery,available,29.98,36.98,medium,low,6,namecheap,,,19/09/2026 15:55
3c6519f4-79c4-4c65-b1f3-5af9e70699d4,amblyopia.gallery,available,28.99,28.99,medium,low,9,namesilo,,,18/09/2026 17:11
fb153c9b-a7ef-4808-954e-0f6df1400c1a,atrial.gallery,available,28.99,28.99,low,low,6,namesilo,,,07/08/2026 14:24
aaaaa8ac-f4be-4de5-b709-cc0df9354add,introduce.gallery,available,28.99,28.99,high,low,9,namesilo,,,
7fbb48e3-97fa-4421-b5a8-8891e58536ff,attack.gallery,available,28.99,28.99,high,low,6,namesilo,,,23/09/2026 17:14
f34d4766-448c-4ca5-978a-2383ad42beca,windup.gallery,available,28.99,28.99,high,low,6,namesilo,,,13/09/2026 12:18
f6bcf8f3-b89f-4a97-98a2-1b7f8c03da98,potent.gallery,available,28.99,28.99,high,low,6,namesilo,,,09/09/2026 00:48
25572220-2ca8-4fff-b731-3032dc8711a3,swindle.gallery,available,28.99,28.99,medium,low,7,namesilo,,,14/09/2026 07:52
a74e48a4-fefc-4539-b71b-de6ae691fda3,dismal.gallery,available,28.99,28.99,medium,low,6,namesilo,,,14/08/2026 11:38
eec891a9-14fe-4b87-8eaf-c6a9da45b444,monarchal.gallery,available,28.99,28.99,medium,low,9,namesilo,,,25/08/2026 04:07
4f02dab4-9b81-4ff1-b5c1-445f059ad61b,illegalize.gallery,available,29.98,36.98,medium,low,10,namecheap,,,04/09/2026 19:26
b5750da2-8d3b-4b2b-a837-54d21a2eb464,thumbed.gallery,available,28.99,28.99,high,low,7,namesilo,,,11/09/2026 15:04
3cf9f62d-e5dc-4cf7-8dcc-f0a142b13ede,tasmanian.gallery,available,28.99,28.99,high,low,9,namesilo,,,11/09/2026 08:50
2751efe8-71be-4421-b8ac-80c17802eb5e,teatime.gallery,available,28.99,28.99,high,low,7,namesilo,,,17/09/2026 15:45
8f37a012-4f3d-4282-9d52-57b7255ec0ad,indigen.gallery,available,28.99,28.99,medium,low,7,namesilo,,,03/09/2026 13:47
23eab9ab-fca0-48e4-b292-c278cdaf112f,auroral.gallery,available,28.99,28.99,high,low,7,namesilo,,,22/09/2026 13:08
7de6b66d-bc9a-4f8c-9abf-e49d408c6af7,excursive.gallery,available,28.99,28.99,medium,low,9,namesilo,,,17/08/2026 16:39
3206d46a-d292-4514-88ac-aec9e101d779,sip.gallery,available,28.99,28.99,high,low,3,namesilo,,,
f6ba64ec-ceb4-4c55-b0c5-99da1ba3f9e3,quinn.gallery,premium,85.8,85.8,high,low,5,namecheap,,,25/09/2026 21:10
ece60fb2-82c0-49fa-98e8-fa26b38b9fd7,scoop.gallery,available,29.98,36.98,high,low,5,namecheap,,,19/09/2026 16:31
194b9bd5-4ae9-4bd0-8173-a5b7078fd58d,glial.gallery,available,28.99,28.99,medium,low,5,namesilo,,,20/08/2026 14:24
e77bf4ce-07d8-4816-abf4-9d3db5321ec4,beeswax.gallery,available,28.99,28.99,high,low,7,namesilo,,,23/09/2026 01:48
7e643f9d-02d6-42fd-9b5c-0d53d8c8ebee,insane.gallery,available,28.99,28.99,high,low,6,namesilo,,,21/08/2026 00:58
12b1467a-125d-4205-8b40-3ecabd481e66,alarum.gallery,available,29.98,36.98,medium,low,6,namecheap,,,18/09/2026 02:00
8de4d5a7-3560-481f-b064-e4bffcee382c,hip.gallery,resell,,,high,low,3,1API GmbH,12/02/2014 16:00,12/02/2027 16:00,21/08/2026 06:45
9a519f3f-1bd2-4956-9292-ad405addd427,bassoonist.gallery,available,28.99,28.99,medium,low,10,namesilo,,,22/09/2026 12:33
0fc6cdc8-88d8-4202-954a-2a000697f086,bridget.gallery,available,36.98,,high,low,7,namecheap,,,
e7defa2a-3eeb-44c7-b083-510ac1562b1d,abaya.gallery,available,28.99,28.99,medium,low,5,namesilo,,,16/09/2026 14:18
63d50522-5231-445d-b7f3-bc7b8ad20f5b,hypnotized.gallery,available,28.99,28.99,high,low,10,namesilo,,,17/08/2026 22:46
359643dd-e2ea-4474-9ec6-e79fec45b1e1,squeaky.gallery,available,28.99,28.99,medium,low,7,namesilo,,,10/09/2026 00:04
f9837e2e-d0fa-4e3e-907d-5424baad015d,agouti.gallery,available,29.98,36.98,medium,low,6,namecheap,,,17/09/2026 19:07
c3cd1b56-e895-4ac1-a812-0dd14e6265d2,addend.gallery,available,28.99,28.99,medium,low,6,namesilo,,,17/09/2026 06:41
a3d64bd9-11c4-487f-99d3-33cf086a438c,ashtoreth.gallery,available,28.99,28.99,medium,low,9,namesilo,,,20/09/2026 14:02
f95d4ef4-fc6f-4ed1-9811-3dd4ceb2ff0b,backflow.gallery,available,28.99,28.99,high,low,8,namesilo,,,21/09/2026 15:32
2a2b059f-ef54-454e-8573-9b4168160301,puffy.gallery,available,29.98,36.98,high,low,5,namecheap,,,10/08/2026 21:34
3f243533-e259-472c-ab4f-bb6d45d6de8e,strep.gallery,available,28.99,28.99,medium,low,5,namesilo,,,10/09/2026 22:28
857bc936-d656-4d00-8e82-f6ee5e0cb6b0,vestal.gallery,available,28.99,28.99,medium,low,6,namesilo,,,13/09/2026 04:47
6679eb44-2cd2-43ef-816f-07d9e943bb4e,carnal.gallery,available,28.99,28.99,high,low,6,namesilo,,,
4ddb321c-049a-4888-9217-35a5ede727fe,airpost.gallery,available,28.99,28.99,medium,low,7,namesilo,,,17/09/2026 23:19
54c5d42f-b120-45d2-84eb-03c7a235c931,quarto.gallery,available,28.99,28.99,high,low,6,namesilo,,,16/09/2026 12:37
43842aca-b2e0-4bf1-b0b6-8d0e393c4d55,myriad.gallery,available,28.99,28.99,high,low,6,namesilo,,,13/08/2026 03:40
1a5288ae-3f5e-4274-a6b0-697f5699ec02,feeling.gallery,available,28.99,28.99,high,low,7,namesilo,,,
f2bb0421-0436-478c-8836-3c799c13e4ba,outright.gallery,available,28.99,28.99,high,low,8,namesilo,,,04/09/2026 19:35
ba1c9b82-02c1-4666-a74b-d91274ce39ca,algae.gallery,available,28.99,28.99,high,low,5,namesilo,,,18/09/2026 06:48
bed021cb-fa38-482c-a6c4-35bd2b0f6060,berkshire.gallery,available,29.98,36.98,high,low,9,namecheap,,,23/09/2026 09:33
7d8db5aa-6aca-449c-b95a-6785e2f2f8fd,cave.gallery,available,28.99,28.99,high,low,4,namesilo,,,24/09/2026 13:21
23653d9c-cad7-45eb-9130-d877dea7b6ca,copycat.gallery,available,28.99,28.99,high,low,7,namesilo,,,19/09/2026 16:27
278efc10-bbaa-469b-8a09-cd08c65b13bd,retaliator.gallery,available,28.99,28.99,medium,low,10,namesilo,,,21/09/2026 08:57
a3799630-9c17-4113-9d72-ad235f41cb89,alluring.gallery,available,28.99,28.99,high,low,8,namesilo,,,22/09/2026 01:34
7c74049c-7754-4ac7-9ada-02d1998ab7f3,arrival.gallery,available,28.99,28.99,high,low,7,namesilo,,,20/09/2026 09:13
863417a6-5186-4419-99e8-43ef48ed47be,turndown.gallery,available,28.99,28.99,high,low,9,namesilo,,,
43d1a9d8-b881-47be-97c6-75b0d42f6d53,apsidal.gallery,available,28.99,28.99,medium,low,7,namesilo,,,06/08/2026 10:18
050a97b1-d8f1-4542-b9aa-68b49f4f2f5a,nevada.gallery,available,28.99,28.99,high,low,6,namesilo,,,
964734f4-e74e-44ea-afeb-06eab3b56180,created.gallery,available,36.98,,high,low,7,namecheap,,,
4cfdf8ca-76db-466e-9859-e8a80ddb54f6,storms.gallery,available,28.99,28.99,medium,low,6,namesilo,,,17/09/2026 15:55
4a6687f0-df6d-452a-9994-edf6a7e81677,systems.gallery,premium,118.8,118.8,high,low,7,namesilo,,,23/09/2026 17:12
3b2fb3c3-b5de-49d2-9731-2df1c37a6155,greenside.gallery,available,28.99,28.99,medium,low,9,namesilo,,,20/08/2026 19:54
5a4f31e8-2fc7-4e3f-8b5d-ff10dc94dc91,earthy.gallery,available,28.99,28.99,high,low,6,namesilo,,,14/08/2026 17:31
14b3d0fe-bff6-4743-8360-485332f30284,littler.gallery,available,28.99,28.99,medium,low,7,namesilo,,,24/08/2026 07:33
a1ff6a37-3398-4d72-b926-63a139eba2bf,sedentary.gallery,available,28.99,28.99,medium,low,9,namesilo,,,10/09/2026 01:36
edcc96bf-5e37-47ff-baba-5da2cc2e0ffb,bumbling.gallery,available,28.99,28.99,medium,low,8,namesilo,,,11/08/2026 09:34
d21c7db7-cd80-43ea-9599-787719b10e78,murmur.gallery,available,28.99,28.99,high,low,6,namesilo,,,03/09/2026 11:16
c6aaf951-8c9e-4dde-8892-af63af3330cb,hayden.gallery,available,28.99,28.99,high,low,6,namesilo,,,25/09/2026 15:33
0badf73b-7244-47d7-a277-36119a1bdeb3,vietnamese.gallery,available,28.99,28.99,high,low,10,namesilo,,,13/09/2026 05:32
82d638f1-427f-4fd2-84c4-99a97815b9b2,inspiring.gallery,available,28.99,28.99,high,low,9,namesilo,,,25/09/2026 09:50
2a8a5fee-93a6-4663-b1c7-840eb427adcf,personable.gallery,available,29.98,36.98,high,low,10,namecheap,,,08/09/2026 17:59
e68b92cd-de10-4e65-9574-b2778657df49,vernal.gallery,available,28.99,28.99,medium,low,6,namesilo,,,13/09/2026 04:19
cfcc0ba9-e8d5-4a5c-ba12-462f8d797b93,localised.gallery,available,28.99,28.99,medium,low,9,namesilo,,,24/08/2026 08:47
68364f85-5108-4561-8c73-64b46c74c3c9,affects.gallery,available,28.99,28.99,medium,low,7,namesilo,,,20/09/2026 03:57
6dfd4f80-77f7-4f33-9ef1-be9ea64b8db2,toot.gallery,available,29.98,36.98,high,low,4,namecheap,,,23/09/2026 01:30
876dbb2f-4092-4bfc-a3dc-7bd5a85ad03d,brummagem.gallery,available,28.99,28.99,medium,low,9,namesilo,,,11/08/2026 06:42
5d7647e1-5934-4f07-9228-05b214796735,bloody.gallery,available,28.99,28.99,high,low,6,namesilo,,,22/09/2026 00:33
20b186c3-f5b0-4ab7-a5ac-8b62430f8448,megabucks.gallery,available,29.98,36.98,high,low,9,namecheap,,,23/09/2026 14:11
87108166-9b98-492f-b3e7-a3b6afc7d0f7,integrate.gallery,available,28.99,28.99,high,low,9,namesilo,,,24/09/2026 06:03
e9859e73-cf55-45f5-954c-00e91168433f,rattling.gallery,available,28.99,28.99,high,low,8,namesilo,,,11/08/2026 04:30
775c23d9-7d05-42c5-b6c0-c4df1a1307de,unfenced.gallery,available,28.99,28.99,medium,low,8,namesilo,,,12/09/2026 10:10
3818d3f8-bf58-4560-bd43-29bd48b7fa62,diminuendo.gallery,available,28.99,28.99,medium,low,10,namesilo,,,13/08/2026 22:19
771854ba-a73c-4a05-b293-f354b38ddaa9,athene.gallery,available,29.98,36.98,high,low,6,namecheap,,,20/09/2026 20:37
21399b80-8ddb-47e1-a4f1-860ea6e6d17b,implausible.gallery,available,28.99,28.99,medium,low,11,namesilo,,,
338a8a20-fe0f-4f09-bbda-a48beea7c4c7,hematic.gallery,available,28.99,28.99,medium,low,7,namesilo,,,20/08/2026 21:53
d93919e0-371c-4809-a6bd-a34dd13db4a3,breast.gallery,available,28.99,28.99,high,low,6,namesilo,,,24/09/2026 08:29
a5509d29-7fd0-405c-a653-bbf052ed1758,stubby.gallery,available,28.99,28.99,high,low,6,namesilo,,,10/09/2026 22:56
b00a30db-9ae2-4c6e-8ef3-85714c42a56e,muffle.gallery,available,41.99,41.99,medium,low,6,name.com,,,13/08/2026 16:49
017a4146-d274-4458-8a80-58954dc586c6,zag.gallery,premium,38.94,38.94,high,low,3,namesilo,,,13/09/2026 15:17
40d0e9ce-59d2-42ef-9207-da2294dfb8f1,cursorial.gallery,available,28.99,28.99,medium,low,9,namesilo,,,13/08/2026 11:40
840a65c3-b45f-4a47-9503-3b99978bbd20,postmortem.gallery,available,28.99,28.99,high,low,10,namesilo,,,09/09/2026 00:31
37a32035-7bb4-460b-9925-3f82821a6fe3,arborvitae.gallery,available,28.99,28.99,medium,low,10,namesilo,,,20/09/2026 00:54
b527d5e2-d85e-4cb1-aa3c-8272d65e29a0,framed.gallery,available,28.99,28.99,high,low,6,namesilo,,,18/08/2026 14:04
789245a2-c954-45fe-afe1-57f271d3bf13,distracted.gallery,available,28.99,28.99,medium,low,10,namesilo,,,14/08/2026 13:08
e8dc83ff-e20d-4c32-a6c8-3cdf3c21eacd,horsefish.gallery,available,29.98,36.98,medium,low,9,namecheap,,,20/09/2026 21:39
1f809d48-8480-4606-a499-addf40c748a5,cagy.gallery,available,28.99,28.99,medium,low,4,namesilo,,,11/08/2026 13:21
de60fdf0-e42d-4334-8bf8-89849b165e36,sperm.gallery,available,28.99,28.99,high,low,5,namesilo,,,
41a4374c-9613-441e-9775-c08ae4d0d485,pbs.gallery,available,29.98,36.98,high,low,3,namecheap,,,25/09/2026 09:49
e83241e3-9825-4ee1-9fa7-0ab1a1d91229,initiate.gallery,available,28.99,28.99,high,low,8,namesilo,,,17/08/2026 09:35
61b09443-a6d5-4f15-910d-3a27e908e33f,alb.gallery,premium,78.54,78.54,high,low,3,namesilo,,,18/09/2026 02:20
7053959e-b1b0-4800-938b-7fc736b6e973,wildly.gallery,available,28.99,28.99,medium,low,6,namesilo,,,16/09/2026 11:29
667b43dd-0ed6-4500-8ad6-6d8bf950f0a6,trex.gallery,available,28.99,28.99,high,low,6,namesilo,,,18/09/2026 12:51
2391cd25-4eca-4a56-ab37-9a19c180a0e7,pascal.gallery,available,28.99,28.99,high,low,6,namesilo,,,24/09/2026 03:44
7bba7d4f-5682-4698-8ca4-5a1cbf48adde,avionic.gallery,available,28.99,28.99,medium,low,7,namesilo,,,07/08/2026 23:35
571adf82-7cdb-4ac7-a790-27b2f277084d,lightweight.gallery,available,28.99,28.99,high,low,11,namesilo,,,
549d9cd7-b618-4db0-93a3-4ffd978db1d8,lock.gallery,available,28.99,28.99,high,low,4,namesilo,,,
41a07f3d-7ea0-4408-b26f-3c157fcdf167,goodwin.gallery,available,28.99,28.99,high,low,7,namesilo,,,
3dc2718b-3545-45a5-af35-9a8bdddf492f,arcus.gallery,available,28.99,28.99,high,low,5,namesilo,,,20/09/2026 03:02
6ca5f956-8f27-4d64-a003-265e88f629ae,fascinating.gallery,available,36.98,,high,low,11,namecheap,,,
0ac70d5e-5ea8-4a43-b258-6dc5da447246,darkly.gallery,available,28.99,28.99,medium,low,6,namesilo,,,14/09/2026 10:39
18e9ce84-f3c5-4695-9c22-543ee9c41ea3,repressed.gallery,available,28.99,28.99,medium,low,9,namesilo,,,08/09/2026 14:49
052caf00-02a9-428f-b2d2-d90e8567f4cc,eroticism.gallery,available,28.99,28.99,medium,low,9,namesilo,,,18/09/2026 16:10
fb988718-9089-453d-9a43-2c9fe4f1d338,bimodal.gallery,available,28.99,28.99,medium,low,7,namesilo,,,09/08/2026 23:23
46b756af-4e03-49db-b7ed-bb7d4eeb1c32,selfless.gallery,available,28.99,28.99,high,low,8,namesilo,,,22/09/2026 02:51
084750ad-5b28-4711-ace7-da3ab57aa2a8,indium.gallery,available,29.98,36.98,medium,low,6,namecheap,,,20/09/2026 23:11
9cadefe1-6100-4074-b650-c47847d10552,resolved.gallery,available,28.99,28.99,high,low,8,namesilo,,,
b4958286-056a-42fa-9e0d-c300d486f68f,onion.gallery,available,28.99,28.99,high,low,5,namesilo,,,
7bf5ec5b-472e-4ebb-90dd-5a08b0e8dcb4,immobile.gallery,available,29.98,36.98,medium,low,8,namecheap,,,21/08/2026 21:05
20414c28-a655-47d4-8b32-8e78a0160449,nearby.gallery,available,28.99,28.99,high,low,6,namesilo,,,03/09/2026 14:32
9606f306-2f2d-45d5-b571-37f59e5c7be9,nettlesome.gallery,available,,,medium,low,10,,,,
0221d40b-024b-4498-88b5-31c79e73aaca,uttermost.gallery,available,28.99,28.99,high,low,9,namesilo,,,17/08/2026 22:44
c32c1112-e8c3-4cee-b4a8-30470b1942be,atavism.gallery,available,28.99,28.99,medium,low,7,namesilo,,,20/09/2026 19:45
51d9659b-3582-47a8-b55d-1e219283f62a,battalion.gallery,available,29.98,36.98,high,low,9,namecheap,,,22/09/2026 14:24
1e6768d2-1072-4fbc-9b32-0effa81d373a,vast.gallery,available,28.99,28.99,high,low,4,namesilo,,,23/09/2026 09:06
9ceadd8b-38b0-4e20-b1fc-d8d23c341b5e,adoptive.gallery,available,28.99,28.99,high,low,8,namesilo,,,
f84c6140-b9cd-45a8-967e-93d697978ea7,chew.gallery,available,28.99,28.99,high,low,4,namesilo,,,
9e6441f1-7433-4581-af24-3bfba7413522,videogames.gallery,available,29.98,36.98,high,low,11,namecheap,,,23/09/2026 20:46
5025979c-d4a3-432b-a2c8-012b76e123cf,dont.gallery,available,29.98,36.98,low,low,4,namecheap,,,17/09/2026 00:37
473814eb-b7a6-4a6e-99e2-0caeb2e3d182,cuneiform.gallery,available,28.99,28.99,medium,low,9,namesilo,,,13/08/2026 10:34
5b97c3c3-d73c-4bd1-858d-513f740d3341,nonuple.gallery,available,28.99,28.99,low,low,7,namesilo,,,03/09/2026 17:30
1cfe98ab-a2e4-4914-a037-b794e76edd6f,side.gallery,available,28.99,28.99,high,low,4,namesilo,,,
99e470ef-7712-4eed-8888-a4c39a0eea88,legal.gallery,premium,78.54,78.54,high,medium,5,namesilo,,,22/08/2026 22:52
3511107e-8638-4f72-88d0-882c6b13df55,cracking.gallery,available,28.99,28.99,high,low,8,namesilo,,,08/08/2026 12:25
7371a9f6-f1b4-4ead-9d76-a87f8fe64e81,speed.gallery,resell,,,high,medium,5,united-domains GmbH,13/02/2014 07:00,13/02/2027 07:00,25/09/2026 06:43
409e5c2e-51a2-4edf-9116-7134b4a73e74,longer.gallery,available,36.98,,high,low,6,namecheap,,,
a422ece0-922d-4298-9685-327573a612b0,trustfully.gallery,available,28.99,28.99,medium,low,10,namesilo,,,14/09/2026 08:14